Package	LibPath	Version	Priority	Depends	Imports	LinkingTo	Suggests	Enhances	License	License_is_FOSS	License_restricts_use	OS_type	MD5sum	NeedsCompilation	Built
abc	/Library/Frameworks/R.framework/Versions/3.3/Resources/library	2.1	NA	R (>= 2.10), abc.data, nnet, quantreg, MASS, locfit	NA	NA	NA	NA	GPL (>= 3)	NA	NA	NA	NA	no	3.2.0
abc.data	/Library/Frameworks/R.framework/Versions/3.3/Resources/library	1.0	NA	R (>= 2.10)	NA	NA	NA	NA	GPL (>= 3)	NA	NA	NA	NA	no	3.2.0
abind	/Library/Frameworks/R.framework/Versions/3.3/Resources/library	1.4-5	NA	R (>= 1.5.0)	methods, utils	NA	NA	NA	LGPL (>= 2)	NA	NA	NA	NA	no	3.3.0
acepack	/Library/Frameworks/R.framework/Versions/3.3/Resources/library	1.4.1	NA	NA	NA	NA	testthat	NA	MIT + file LICENSE	NA	NA	NA	NA	yes	3.3.0
actuar	/Library/Frameworks/R.framework/Versions/3.3/Resources/library	2.0-0	NA	R (>= 3.3.0)	stats, graphics	NA	MASS	NA	GPL (>= 2)	NA	NA	NA	NA	yes	3.3.2
ada	/Library/Frameworks/R.framework/Versions/3.3/Resources/library	2.0-5	NA	R(>= 2.10),rpart	NA	NA	NA	NA	GPL	NA	NA	NA	NA	no	3.2.5
ade4	/Library/Frameworks/R.framework/Versions/3.3/Resources/library	1.7-5	NA	R (>= 2.10)	graphics, grDevices, methods, stats, utils	NA	"ade4TkGUI, adegraphics, ape, CircStats, deldir, lattice,
maptools, MASS, pixmap, sp, spdep, splancs, waveslim"	NA	GPL (>= 2)	NA	NA	NA	NA	yes	3.3.2
adegraphics	/Library/Frameworks/R.framework/Versions/3.3/Resources/library	1.0-6	NA	R (>= 3.0.2)	"ade4, graphics, grid, KernSmooth, lattice, latticeExtra,
methods, RColorBrewer, sp (>= 1.1-1), stats"	NA	Guerry, knitr, maptools, pixmap, rmarkdown, spdep, splancs	NA	GPL (>= 2)	NA	NA	NA	NA	no	3.3.2
AlgDesign	/Library/Frameworks/R.framework/Versions/3.3/Resources/library	1.1-7.3	NA	NA	NA	NA	NA	NA	GPL (>= 2)	NA	NA	NA	NA	yes	3.2.0
ape	/Library/Frameworks/R.framework/Versions/3.3/Resources/library	4.0	NA	R (>= 3.2.0)	"nlme, lattice, graphics, methods, stats, tools, utils,
parallel"	NA	gee, expm	NA	GPL (>= 2)	NA	NA	NA	NA	yes	3.3.2
aplpack	/Library/Frameworks/R.framework/Versions/3.3/Resources/library	1.3.0	NA	R (>= 2.8.0), tcltk	NA	NA	tkrplot	NA	GPL (>= 2)	NA	NA	NA	NA	no	3.2.0
arm	/Library/Frameworks/R.framework/Versions/3.3/Resources/library	1.9-3	NA	R (>= 3.1.0), MASS, Matrix (>= 1.0), stats, lme4 (>= 1.0)	abind, coda, graphics, grDevices, methods, nlme, utils	NA	NA	NA	GPL (>= 3)	NA	NA	NA	NA	no	3.3.2
aroma.core	/Library/Frameworks/R.framework/Versions/3.3/Resources/library	3.0.0	NA	"R (>= 3.1.2), R.utils (>= 2.2.0), R.filesets (>= 2.10.0),
R.devices (>= 2.13.2)"	"stats, utils, R.methodsS3 (>= 1.7.0), R.oo (>= 1.19.0),
R.cache (>= 0.12.0), R.rsp (>= 0.21.0), matrixStats (>=
0.50.1), RColorBrewer (>= 1.1-2), PSCBS (>= 0.60.0), listenv,
future"	NA	"png (>= 0.1-7), Cairo (>= 1.5-6), EBImage (>= 4.8.3),
preprocessCore (>= 1.28.0), aroma.light (>= 2.2.1), DNAcopy (>=
1.40.0), GLAD (>= 2.30.0), sfit (>= 0.1.8), expectile (>=
0.2.5), HaarSeg (>= 0.0.2), mpcbs (>= 1.1.1)"	NA	LGPL (>= 2.1)	NA	NA	NA	NA	no	3.2.3
assertthat	/Library/Frameworks/R.framework/Versions/3.3/Resources/library	0.1	NA	NA	NA	NA	testthat	NA	GPL-3	NA	NA	NA	NA	no	3.2.0
backports	/Library/Frameworks/R.framework/Versions/3.3/Resources/library	1.0.5	NA	R (>= 3.0.0)	utils	NA	NA	NA	GPL-2	NA	NA	NA	NA	no	3.3.2
base	/Library/Frameworks/R.framework/Versions/3.3/Resources/library	3.3.2	base	NA	NA	NA	methods	NA	Part of R 3.3.2	NA	NA	NA	NA	NA	3.3.2
base64enc	/Library/Frameworks/R.framework/Versions/3.3/Resources/library	0.1-3	NA	R (>= 2.9.0)	NA	NA	NA	png	GPL-2 | GPL-3	NA	NA	NA	NA	yes	3.2.0
BayesBridge	/Library/Frameworks/R.framework/Versions/3.3/Resources/library	0.6	NA	R (>= 2.10)	NA	NA	NA	NA	GPL (>= 3)	NA	NA	NA	NA	yes	3.3.0
BB	/Library/Frameworks/R.framework/Versions/3.3/Resources/library	2014.10-1	NA	R (>= 2.6.1)	stats, quadprog	NA	setRNG, survival, Hmisc, numDeriv	NA	GPL-3	NA	NA	NA	NA	no	3.2.0
BH	/Library/Frameworks/R.framework/Versions/3.3/Resources/library	1.62.0-1	NA	NA	NA	NA	NA	NA	BSL-1.0	NA	NA	NA	NA	no	3.3.2
Biobase	/Library/Frameworks/R.framework/Versions/3.3/Resources/library	2.34.0	NA	R (>= 2.10), BiocGenerics (>= 0.3.2), utils	methods	NA	tools, tkWidgets, ALL, RUnit, golubEsets	NA	Artistic-2.0	NA	NA	NA	NA	yes	3.3.1
BiocGenerics	/Library/Frameworks/R.framework/Versions/3.3/Resources/library	0.20.0	NA	methods, utils, graphics, stats, parallel	methods, utils, graphics, stats, parallel	NA	"Biobase, S4Vectors, IRanges, GenomicRanges, AnnotationDbi,
oligoClasses, oligo, affyPLM, flowClust, affy, DESeq2, MSnbase,
annotate, RUnit"	NA	Artistic-2.0	NA	NA	NA	NA	no	3.3.1
BiocInstaller	/Library/Frameworks/R.framework/Versions/3.3/Resources/library	1.24.0	NA	R (>= 3.3.0)	NA	NA	devtools, RUnit, BiocGenerics	NA	Artistic-2.0	NA	NA	NA	NA	no	3.3.1
bit	/Library/Frameworks/R.framework/Versions/3.3/Resources/library	1.1-12	NA	R (>= 2.9.2)	NA	NA	NA	NA	GPL-2	NA	NA	NA	NA	yes	3.2.0
bit64	/Library/Frameworks/R.framework/Versions/3.3/Resources/library	0.9-5	NA	R (>= 3.0.1), bit (>= 1.1-12), utils, methods, stats	NA	NA	NA	NA	GPL-2	NA	NA	NA	NA	yes	3.2.0
bitops	/Library/Frameworks/R.framework/Versions/3.3/Resources/library	1.0-6	NA	NA	NA	NA	NA	NA	GPL (>= 2)	NA	NA	NA	NA	yes	3.2.0
bold	/Library/Frameworks/R.framework/Versions/3.3/Resources/library	0.4.0	NA	NA	"methods, utils, stats, xml2, httr, stringr, assertthat,
jsonlite, reshape, plyr, data.table, tibble"	NA	sangerseqR, knitr, testthat, covr	NA	MIT + file LICENSE	NA	NA	NA	NA	no	3.3.2
boot	/Library/Frameworks/R.framework/Versions/3.3/Resources/library	1.3-18	recommended	R (>= 3.0.0), graphics, stats	NA	NA	MASS, survival	NA	Unlimited	NA	NA	NA	NA	no	3.3.2
brew	/Library/Frameworks/R.framework/Versions/3.3/Resources/library	1.0-6	NA	NA	NA	NA	NA	NA	GPL-2	NA	NA	NA	NA	NA	3.2.0
broom	/Library/Frameworks/R.framework/Versions/3.3/Resources/library	0.4.1	NA	NA	plyr, dplyr, tidyr, psych, stringr, reshape2, nlme, methods	NA	"knitr, boot, survival, gam, glmnet, lfe, Lahman, MASS, sp,
maps, maptools, multcomp, testthat, lme4, zoo, lmtest, plm,
biglm, ggplot2, nnet, geepack, AUC, ergm, network,
statnet.common, xergm, btergm, binGroup, Hmisc, bbmle, gamlss,
rstan, rstanarm, coda, gmm, Matrix, ks, purrr, orcutt, mgcv,
lmodel2, poLCA, mclust, covr"	NA	MIT + file LICENSE	NA	NA	NA	NA	no	3.3.0
BsMD	/Library/Frameworks/R.framework/Versions/3.3/Resources/library	2013.0718	NA	R(>= 2.14.0)	NA	NA	NA	NA	GPL (>= 2)	NA	NA	NA	NA	yes	3.3.0
Cairo	/Library/Frameworks/R.framework/Versions/3.3/Resources/library	1.5-9	NA	R (>= 2.4.0)	grDevices, graphics	NA	png	FastRWeb	GPL-2	NA	NA	NA	NA	yes	3.2.0
car	/Library/Frameworks/R.framework/Versions/3.3/Resources/library	2.1-4	NA	R (>= 3.2.0)	"MASS, mgcv, nnet, pbkrtest (>= 0.4-4), quantreg, grDevices,
utils, stats, graphics"	NA	"alr4, boot, coxme, leaps, lme4, lmtest, Matrix, MatrixModels,
nlme, rgl (>= 0.93.960), sandwich, SparseM, survival, survey,
nloptr"	NA	GPL (>= 2)	NA	NA	NA	NA	no	3.3.2
caret	/Library/Frameworks/R.framework/Versions/3.3/Resources/library	6.0-73	NA	R (>= 2.10), lattice (>= 0.20), ggplot2	"car, foreach, methods, plyr, ModelMetrics (>= 1.1.0), nlme,
reshape2, stats, stats4, utils, grDevices"	NA	"BradleyTerry2, e1071, earth (>= 2.2-3), fastICA, gam, ipred,
kernlab, klaR, MASS, ellipse, mda, mgcv, mlbench, MLmetrics,
nnet, party (>= 0.9-99992), pls, pROC, proxy, randomForest,
RANN, spls, subselect, pamr, superpc, Cubist, testthat (>=
0.9.1)"	NA	GPL (>= 2)	NA	NA	NA	NA	yes	3.3.2
caTools	/Library/Frameworks/R.framework/Versions/3.3/Resources/library	1.17.1	NA	R (>= 2.2.0)	bitops	NA	MASS, rpart	NA	GPL-3	NA	NA	NA	NA	yes	3.2.0
changepoint	/Library/Frameworks/R.framework/Versions/3.3/Resources/library	2.2.2	NA	R(>= 3.1), methods, stats, zoo(>= 0.9-1)	NA	NA	testthat	NA	GPL	NA	NA	NA	NA	yes	3.3.0
checkmate	/Library/Frameworks/R.framework/Versions/3.3/Resources/library	1.8.2	NA	R (>= 3.0.0)	backports, utils	NA	"data.table, devtools, ggplot2, knitr, rmarkdown, magrittr,
microbenchmark, testthat (>= 0.11.0), tibble"	NA	BSD_3_clause + file LICENSE	NA	NA	NA	NA	yes	3.3.0
chron	/Library/Frameworks/R.framework/Versions/3.3/Resources/library	2.3-49	NA	R (>= 2.12.0)	graphics, stats	NA	scales, ggplot2	zoo	GPL-2	NA	NA	NA	NA	yes	3.3.2
circlize	/Library/Frameworks/R.framework/Versions/3.3/Resources/library	0.3.9	NA	R (>= 2.10.0), graphics	"GlobalOptions (>= 0.0.10), shape, grDevices, utils, stats,
colorspace, methods, grid"	NA	knitr, dendextend (>= 1.0.1)	NA	GPL (>= 2)	NA	NA	NA	NA	no	3.3.0
CircStats	/Library/Frameworks/R.framework/Versions/3.3/Resources/library	0.2-4	NA	MASS, boot	NA	NA	NA	NA	GPL-2	NA	NA	NA	NA	NA	3.2.0
class	/Library/Frameworks/R.framework/Versions/3.3/Resources/library	7.3-14	recommended	R (>= 3.0.0), stats, utils	MASS	NA	NA	NA	GPL-2 | GPL-3	NA	NA	NA	NA	yes	3.3.2
cluster	/Library/Frameworks/R.framework/Versions/3.3/Resources/library	2.0.5	recommended	R (>= 3.0.1)	graphics, grDevices, stats, utils	NA	MASS	NA	GPL (>= 2)	NA	NA	NA	NA	yes	3.3.2
coda	/Library/Frameworks/R.framework/Versions/3.3/Resources/library	0.19-1	NA	R (>= 2.14.0)	lattice	NA	NA	NA	GPL (>= 2)	NA	NA	NA	NA	no	3.3.2
codetools	/Library/Frameworks/R.framework/Versions/3.3/Resources/library	0.2-15	recommended	R (>= 2.1)	NA	NA	NA	NA	GPL	NA	NA	NA	NA	no	3.3.2
coin	/Library/Frameworks/R.framework/Versions/3.3/Resources/library	1.1-3	NA	R (>= 2.14.0), methods, survival	stats, modeltools (>= 0.2-9), mvtnorm (>= 1.0-5), multcomp	NA	parallel, xtable, e1071, vcd, TH.data (>= 1.0-7)	NA	GPL-2	NA	NA	NA	NA	yes	3.3.2
colorspace	/Library/Frameworks/R.framework/Versions/3.3/Resources/library	1.3-2	NA	R (>= 2.13.0), methods	graphics, grDevices	NA	"datasets, stats, utils, KernSmooth, MASS, kernlab, mvtnorm,
vcd, dichromat, tcltk, shiny, shinyjs"	NA	BSD_3_clause + file LICENSE	NA	NA	NA	NA	yes	3.3.2
colourpicker	/Library/Frameworks/R.framework/Versions/3.3/Resources/library	0.3	NA	R (>= 3.1.0)	"ggplot2, htmltools, htmlwidgets (>= 0.7), miniUI (>= 0.1.1),
shiny (>= 0.11.1), shinyjs, utils"	NA	knitr (>= 1.7), rmarkdown, rstudioapi (>= 0.5)	NA	MIT + file LICENSE	NA	NA	NA	NA	no	3.3.2
combinat	/Library/Frameworks/R.framework/Versions/3.3/Resources/library	0.0-8	NA	NA	NA	NA	NA	NA	GPL-2	NA	NA	NA	NA	NA	3.2.0
compiler	/Library/Frameworks/R.framework/Versions/3.3/Resources/library	3.3.2	base	NA	NA	NA	NA	NA	Part of R 3.3.2	NA	NA	NA	NA	NA	3.3.2
conf.design	/Library/Frameworks/R.framework/Versions/3.3/Resources/library	2.0.0	NA	NA	NA	NA	stats, utils	NA	GPL-2	NA	NA	NA	NA	no	3.3.0
contfrac	/Library/Frameworks/R.framework/Versions/3.3/Resources/library	1.1-10	NA	NA	NA	NA	NA	NA	GPL-2	NA	NA	NA	NA	yes	3.3.0
corrplot	/Library/Frameworks/R.framework/Versions/3.3/Resources/library	0.77	NA	NA	NA	NA	seriation, knitr, Cairo, testthat	NA	GPL	NA	NA	NA	NA	no	3.2.5
crayon	/Library/Frameworks/R.framework/Versions/3.3/Resources/library	1.3.2	NA	NA	grDevices, methods, utils	NA	testthat	NA	MIT + file LICENSE	NA	NA	NA	NA	no	3.3.0
crul	/Library/Frameworks/R.framework/Versions/3.3/Resources/library	0.2.0	NA	NA	"curl (>= 2.2), R6 (>= 2.2.0), urltools (>= 1.6.0), httpcode
(>= 0.2.0), mime"	NA	testthat, fauxpas (>= 0.1.0), knitr, covr, jsonlite	NA	MIT + file LICENSE	NA	NA	NA	NA	no	3.3.2
curl	/Library/Frameworks/R.framework/Versions/3.3/Resources/library	2.3	NA	R (>= 3.0.0)	NA	NA	testthat (>= 1.0.0), knitr, jsonlite, rmarkdown, magrittr	NA	MIT + file LICENSE	NA	NA	NA	NA	yes	3.3.2
data.table	/Library/Frameworks/R.framework/Versions/3.3/Resources/library	1.10.0	NA	R (>= 3.0.0)	methods	NA	"bit64, knitr, chron, ggplot2 (>= 0.9.0), plyr, reshape,
reshape2, testthat (>= 0.4), hexbin, fastmatch, nlme, xts,
gdata, GenomicRanges, caret, curl, zoo, plm, rmarkdown,
parallel"	NA	GPL-3 | file LICENSE	NA	NA	NA	NA	yes	3.3.2
datasets	/Library/Frameworks/R.framework/Versions/3.3/Resources/library	3.3.2	base	NA	NA	NA	NA	NA	Part of R 3.3.2	NA	NA	NA	NA	NA	3.3.2
DBI	/Library/Frameworks/R.framework/Versions/3.3/Resources/library	0.5-1	NA	R (>= 2.15.0), methods	NA	NA	testthat, RSQLite, knitr, rmarkdown, covr	NA	LGPL (>= 2)	NA	NA	NA	NA	no	3.3.0
deldir	/Library/Frameworks/R.framework/Versions/3.3/Resources/library	0.1-12	NA	R (>= 0.99)	graphics, grDevices	NA	polyclip	NA	GPL (>= 2)	NA	NA	NA	NA	yes	3.2.4
depthTools	/Library/Frameworks/R.framework/Versions/3.3/Resources/library	0.4	NA	R (>= 2.8.0)	NA	NA	NA	NA	GPL (>= 2)	NA	NA	NA	NA	no	3.3.0
deSolve	/Library/Frameworks/R.framework/Versions/3.3/Resources/library	1.14	NA	R (>= 2.15.0)	methods, graphics, grDevices, stats	NA	scatterplot3d	NA	GPL (>= 2)	NA	NA	NA	NA	yes	3.3.0
devtools	/Library/Frameworks/R.framework/Versions/3.3/Resources/library	1.12.0	NA	R (>= 3.0.2)	"httr (>= 0.4), utils, tools, methods, memoise (>= 1.0.0),
whisker, digest, rstudioapi (>= 0.2.0), jsonlite, stats, git2r
(>= 0.11.0), withr"	NA	"curl (>= 0.9), crayon, testthat (>= 0.7), BiocInstaller, Rcpp
(>= 0.10.0), MASS, rmarkdown, knitr, hunspell (>= 1.2), lintr
(>= 0.2.1), bitops, roxygen2 (>= 5.0.0), evaluate, rversions,
covr, gmailr (> 0.7.0)"	NA	GPL (>= 2)	NA	NA	NA	NA	yes	3.3.0
DiagrammeR	/Library/Frameworks/R.framework/Versions/3.3/Resources/library	0.9.0	NA	NA	"dplyr (>= 0.5.0), htmlwidgets (>= 0.8), igraph (>= 1.0.1),
influenceR (>= 0.1.0), magrittr (>= 1.5), RColorBrewer (>=
1.1-2), rstudioapi (>= 0.6), rgexf (>= 0.15.3), scales (>=
0.4.1), stringr (>= 1.1.0), tibble (>= 1.2), viridis (>=
0.3.4), visNetwork (>= 1.0.2)"	NA	DiagrammeRsvg, knitr, rsvg, testthat	NA	MIT + file LICENSE	NA	NA	NA	NA	no	3.3.2
DiceDesign	/Library/Frameworks/R.framework/Versions/3.3/Resources/library	1.7	NA	NA	NA	NA	rgl, randtoolbox, lattice	NA	GPL-3	NA	NA	NA	NA	yes	3.3.0
dichromat	/Library/Frameworks/R.framework/Versions/3.3/Resources/library	2.0-0	NA	R (>= 2.10), stats	NA	NA	NA	NA	GPL-2	NA	NA	NA	NA	NA	3.2.0
digest	/Library/Frameworks/R.framework/Versions/3.3/Resources/library	0.6.11	NA	R (>= 2.4.1)	NA	NA	knitr, rmarkdown	NA	GPL (>= 2)	NA	NA	NA	NA	yes	3.3.2
doBy	/Library/Frameworks/R.framework/Versions/3.3/Resources/library	4.5-15	NA	R (>= 3.2.0), methods	MASS, Matrix	NA	"pbkrtest (>= 0.4-6), ggplot2, multcomp, geepack, lme4,
survival"	NA	GPL (>= 2)	NA	NA	NA	NA	no	3.2.4
DoE.base	/Library/Frameworks/R.framework/Versions/3.3/Resources/library	0.29	NA	R (>= 2.10), grid, conf.design	"stats, utils, graphics, grDevices, vcd, combinat, MASS,
lattice"	NA	RColorBrewer	NA	GPL (>= 2)	NA	NA	NA	NA	no	3.3.0
DoE.wrapper	/Library/Frameworks/R.framework/Versions/3.3/Resources/library	0.8-10	NA	R(>= 2.13.0), FrF2(>= 1.6-5), DoE.base(>= 0.23-4), rsm	lhs, DiceDesign, AlgDesign(>= 1.1)	NA	NA	NA	GPL (>= 2)	NA	NA	NA	NA	no	3.3.0
doParallel	/Library/Frameworks/R.framework/Versions/3.3/Resources/library	1.0.10	NA	"R (>= 2.14.0), foreach(>= 1.2.0), iterators(>= 1.0.0),
parallel, utils"	NA	NA	caret, mlbench, rpart	compiler, RUnit	GPL-2	NA	NA	NA	NA	no	3.2.0
dplyr	/Library/Frameworks/R.framework/Versions/3.3/Resources/library	0.5.0	NA	R (>= 3.1.2)	"assertthat, utils, R6, Rcpp (>= 0.12.3), tibble, magrittr,
lazyeval (>= 0.1.10), DBI (>= 0.4.1)"	Rcpp (>= 0.12.0), BH (>= 1.58.0-1)	"RSQLite (>= 1.0.0), RMySQL, RPostgreSQL, testthat, knitr,
microbenchmark, ggplot2, mgcv, Lahman (>= 3.0-1), nycflights13,
methods, rmarkdown, covr, dtplyr"	NA	MIT + file LICENSE	NA	NA	NA	NA	yes	3.3.0
drgee	/Library/Frameworks/R.framework/Versions/3.3/Resources/library	1.1.6	NA	stats, nleqslv, survival, R (>= 3.0.0), Rcpp, data.table	NA	Rcpp, RcppArmadillo	NA	NA	GPL-2 | GPL-3	NA	NA	NA	NA	yes	3.3.2
dtplyr	/Library/Frameworks/R.framework/Versions/3.3/Resources/library	0.0.1	NA	NA	dplyr (>= 0.5.0), data.table, lazyeval	NA	Lahman, nycflights13, testthat, covr	NA	GPL (>= 2)	NA	NA	NA	NA	no	3.3.0
dummies	/Library/Frameworks/R.framework/Versions/3.3/Resources/library	1.5.6	NA	utils	NA	NA	NA	NA	GPL (>= 2)	NA	NA	NA	NA	NA	3.2.0
dummy	/Library/Frameworks/R.framework/Versions/3.3/Resources/library	0.1.3	NA	NA	NA	NA	NA	NA	GPL (>= 2)	NA	NA	NA	NA	no	3.2.0
dygraphs	/Library/Frameworks/R.framework/Versions/3.3/Resources/library	1.1.1.4	NA	R (>= 3.0)	"magrittr, htmlwidgets (>= 0.6), htmltools (>= 0.3.5), zoo (>=
1.7-10), xts (>= 0.9-7)"	NA	testthat	rmarkdown (>= 0.3.3), shiny (>= 0.10.2.1)	MIT + file LICENSE	NA	NA	NA	NA	no	3.3.2
e1071	/Library/Frameworks/R.framework/Versions/3.3/Resources/library	1.6-7	NA	NA	graphics, grDevices, class, stats, methods, utils	NA	"cluster, mlbench, nnet, randomForest, rpart, SparseM, xtable,
Matrix, MASS"	NA	GPL-2	NA	NA	NA	NA	yes	3.2.0
effects	/Library/Frameworks/R.framework/Versions/3.3/Resources/library	3.1-2	NA	R (>= 3.2.0)	"lme4, nnet, lattice, grid, colorspace, graphics, grDevices,
stats, utils"	NA	"pbkrtest (>= 0.4-4), nlme, MASS, poLCA, heplots, splines,
ordinal, car"	NA	GPL (>= 2)	NA	NA	NA	NA	no	3.3.0
ellipse	/Library/Frameworks/R.framework/Versions/3.3/Resources/library	0.3-8	NA	R (>= 2.0.0),graphics,stats	NA	NA	MASS	NA	GPL (>= 2)	NA	NA	NA	NA	no	3.2.0
elliptic	/Library/Frameworks/R.framework/Versions/3.3/Resources/library	1.3-7	NA	R (>= 2.5.0)	MASS	NA	emulator, calibrator	NA	GPL-2	NA	NA	NA	NA	no	3.3.0
estimability	/Library/Frameworks/R.framework/Versions/3.3/Resources/library	1.2	NA	stats	NA	NA	NA	NA	GPL (>= 3)	NA	NA	NA	NA	no	3.3.2
evaluate	/Library/Frameworks/R.framework/Versions/3.3/Resources/library	0.10	NA	R (>= 3.0.2)	methods, stringr (>= 0.6.2)	NA	testthat, lattice, ggplot2	NA	MIT + file LICENSE	NA	NA	NA	NA	no	3.3.0
evd	/Library/Frameworks/R.framework/Versions/3.3/Resources/library	2.3-2	NA	NA	stats, grDevices, graphics	NA	akima	NA	GPL-3	NA	NA	NA	NA	yes	3.2.3
expsmooth	/Library/Frameworks/R.framework/Versions/3.3/Resources/library	2.3	NA	R (>= 2.0.0), forecast	NA	NA	NA	NA	GPL (>= 2)	NA	NA	NA	NA	no	3.3.0
faraway	/Library/Frameworks/R.framework/Versions/3.3/Resources/library	1.0.7	NA	R (>= 2.10)	lme4,nlme,methods	NA	NA	NA	GPL	NA	NA	NA	NA	no	3.2.3
fastmatch	/Library/Frameworks/R.framework/Versions/3.3/Resources/library	1.0-4	NA	NA	NA	NA	NA	NA	GPL-2	NA	NA	NA	NA	NA	3.2.0
feather	/Library/Frameworks/R.framework/Versions/3.3/Resources/library	0.3.1	NA	NA	Rcpp, tibble, hms	Rcpp	testthat, dplyr	NA	Apache License 2.0	NA	NA	NA	NA	yes	3.3.2
ff	/Library/Frameworks/R.framework/Versions/3.3/Resources/library	2.2-13	NA	R (>= 2.10.1), bit (>= 1.1-12), utils	NA	NA	biglm	NA	GPL-2 | file LICENSE	NA	NA	NA	NA	yes	3.2.0
ffbase	/Library/Frameworks/R.framework/Versions/3.3/Resources/library	0.12.3	NA	R (>= 2.12.0),ff(>= 2.2-11)	fastmatch, bit	NA	testthat, parallel, LaF, biglm	NA	GPL-3	NA	NA	NA	NA	yes	3.2.4
FFTrees	/Library/Frameworks/R.framework/Versions/3.3/Resources/library	1.1.8	NA	R(>= 2.10)	rpart, MASS, circlize, graphics	NA	knitr, rmarkdown	NA	CC0	NA	NA	NA	NA	no	3.3.0
fftwtools	/Library/Frameworks/R.framework/Versions/3.3/Resources/library	0.9-7	NA	R (>= 2.15.2)	NA	NA	fftw	NA	GPL (>= 2)	NA	NA	NA	NA	yes	3.2.0
fgui	/Library/Frameworks/R.framework/Versions/3.3/Resources/library	1.0-5	NA	tools	tcltk	NA	tcltk	NA	GPL	NA	NA	NA	NA	NA	3.2.0
fields	/Library/Frameworks/R.framework/Versions/3.3/Resources/library	8.10	NA	R (>= 3.0), methods, spam, maps	NA	NA	NA	NA	GPL (>= 2)	NA	NA	NA	NA	yes	3.3.2
fma	/Library/Frameworks/R.framework/Versions/3.3/Resources/library	2.2	NA	R (>= 2.0.0), graphics, stats, tseries, forecast	NA	NA	NA	NA	GPL (>= 2)	NA	NA	NA	NA	no	3.3.0
FNN	/Library/Frameworks/R.framework/Versions/3.3/Resources/library	1.1	NA	R (>= 2.8.0)	NA	NA	chemometrics, mvtnorm	NA	GPL (>= 2.1)	NA	NA	NA	NA	yes	3.2.0
forcats	/Library/Frameworks/R.framework/Versions/3.3/Resources/library	0.2.0	NA	R (>= 2.10)	tibble, magrittr	NA	ggplot2, testthat, covr	NA	GPL-3	NA	NA	NA	NA	no	3.3.2
foreach	/Library/Frameworks/R.framework/Versions/3.3/Resources/library	1.4.3	NA	R (>= 2.5.0)	codetools, utils, iterators	NA	randomForest	compiler, doMC, RUnit, doParallel	Apache License (== 2.0)	NA	NA	NA	NA	no	3.2.0
forecast	/Library/Frameworks/R.framework/Versions/3.3/Resources/library	7.3	NA	R (>= 3.0.2), stats, graphics, zoo, timeDate	"tseries, fracdiff, Rcpp (>= 0.11.0), nnet, colorspace,
parallel, ggplot2 (>= 2.0.0)"	Rcpp (>= 0.11.0), RcppArmadillo (>= 0.2.35)	testthat	NA	GPL (>= 2)	NA	NA	NA	NA	yes	3.3.0
ForecastCombinations	/Library/Frameworks/R.framework/Versions/3.3/Resources/library	1.1	NA	quantreg, quadprog, utils	NA	NA	MASS	NA	GPL-2	NA	NA	NA	NA	no	3.3.0
forecastHybrid	/Library/Frameworks/R.framework/Versions/3.3/Resources/library	0.3.0	NA	R (>= 3.1.1), ggplot2 (>= 2.2.0), forecast (>= 7.3)	reshape2 (>= 1.4.2)	NA	knitr, rmarkdown, testthat	NA	GPL-3	NA	NA	NA	NA	no	3.3.2
forecastSNSTS	/Library/Frameworks/R.framework/Versions/3.3/Resources/library	1.1-1	NA	R (>= 3.2.3)	Rcpp	Rcpp	testthat	NA	GPL (>= 2)	NA	NA	NA	NA	yes	3.3.2
forecTheta	/Library/Frameworks/R.framework/Versions/3.3/Resources/library	2.2	NA	R (>= 2.0), parallel, forecast, tseries	NA	NA	NA	NA	GPL (>= 2)	NA	NA	NA	NA	no	3.3.0
foreign	/Library/Frameworks/R.framework/Versions/3.3/Resources/library	0.8-67	recommended	R (>= 3.0.0)	methods, utils, stats	NA	NA	NA	GPL (>= 2)	NA	NA	NA	NA	yes	3.3.2
formatR	/Library/Frameworks/R.framework/Versions/3.3/Resources/library	1.4	NA	R (>= 3.0.2)	NA	NA	codetools, shiny, testit, knitr	NA	GPL	NA	NA	NA	NA	no	3.2.3
Formula	/Library/Frameworks/R.framework/Versions/3.3/Resources/library	1.2-1	NA	R (>= 2.0.0), stats	NA	NA	NA	NA	GPL-2 | GPL-3	NA	NA	NA	NA	no	3.2.0
fortunes	/Library/Frameworks/R.framework/Versions/3.3/Resources/library	1.5-4	NA	NA	utils	NA	NA	NA	GPL-2 | GPL-3	NA	NA	NA	NA	no	3.3.2
fpp	/Library/Frameworks/R.framework/Versions/3.3/Resources/library	0.5	NA	"R (>= 2.0.0), graphics, stats, forecast, fma, expsmooth,
lmtest, tseries"	NA	NA	NA	NA	GPL (>= 2)	NA	NA	NA	NA	no	3.3.0
fracdiff	/Library/Frameworks/R.framework/Versions/3.3/Resources/library	1.4-2	NA	NA	NA	NA	longmemo, urca	NA	GPL (>= 2)	NA	NA	NA	NA	NA	3.2.0
FrF2	/Library/Frameworks/R.framework/Versions/3.3/Resources/library	1.7-2	NA	R(>= 2.13.0), DoE.base(>= 0.25)	"sfsmisc(>= 1.0-26), BsMD, utils, scatterplot3d, igraph(>=
0.7), methods"	NA	FrF2.catlg128	NA	GPL (>= 2)	NA	NA	NA	NA	no	3.3.0
future	/Library/Frameworks/R.framework/Versions/3.3/Resources/library	1.2.0	NA	NA	"digest, globals (>= 0.7.1), listenv (>= 0.6.0), parallel,
utils"	NA	R.rsp, markdown	NA	LGPL (>= 2.1)	NA	NA	NA	NA	no	3.3.0
gam	/Library/Frameworks/R.framework/Versions/3.3/Resources/library	1.14	NA	stats, splines, foreach	NA	NA	akima	NA	GPL-2	NA	NA	NA	NA	yes	3.3.0
gamlss.data	/Library/Frameworks/R.framework/Versions/3.3/Resources/library	5.0-0	NA	R (>= 2.10)	NA	NA	NA	NA	GPL-2 | GPL-3	NA	NA	NA	NA	no	3.3.0
gamlss.dist	/Library/Frameworks/R.framework/Versions/3.3/Resources/library	5.0-0	NA	R (>= 2.15.0), MASS, graphics, stats, methods	NA	NA	NA	NA	GPL-2 | GPL-3	NA	NA	NA	NA	yes	3.3.0
gdata	/Library/Frameworks/R.framework/Versions/3.3/Resources/library	2.17.0	NA	R (>= 2.3.0)	gtools, stats, methods, utils	NA	RUnit	NA	GPL-2	NA	NA	NA	NA	no	3.2.0
geepack	/Library/Frameworks/R.framework/Versions/3.3/Resources/library	1.2-1	NA	NA	NA	NA	NA	NA	GPL (>= 3)	NA	NA	NA	NA	yes	3.3.0
genalg	/Library/Frameworks/R.framework/Versions/3.3/Resources/library	0.2.0	NA	NA	NA	NA	NA	NA	GPL-2	NA	NA	NA	NA	no	3.2.0
GGally	/Library/Frameworks/R.framework/Versions/3.3/Resources/library	1.3.0	NA	R (>= 3.1)	"ggplot2 (>= 2.2.0), grid, gtable (>= 0.2.0), plyr (>= 1.8.3),
progress, RColorBrewer, reshape (>= 0.8.5), utils"	NA	"broom (>= 0.4.0), chemometrics, geosphere (>= 1.5-1), igraph
(>= 1.0.1), intergraph (>= 2.0-2), maps (>= 3.1.0), mapproj,
network (>= 1.12.0), scagnostics, scales (>= 0.4.0), sna (>=
2.3-2), survival, packagedocs (>= 0.4.0), rmarkdown, roxygen2,
testthat"	NA	GPL (>= 2.0)	NA	NA	NA	NA	no	3.3.0
ggdendro	/Library/Frameworks/R.framework/Versions/3.3/Resources/library	0.1-20	NA	NA	MASS, ggplot2(>= 0.9.2)	NA	rpart(>= 4.0-0), tree, testthat, knitr, cluster, scales	NA	GPL-2 | GPL-3	NA	NA	NA	NA	no	3.2.5
ggedit	/Library/Frameworks/R.framework/Versions/3.3/Resources/library	0.0.2	NA	"
R (>= 2.3.0),
shiny,
shinyAce,
shinyBS,
reshape2,
grid,
gridExtra,
scales,
plotly,
ggplot2 (>= 2.2.0),
plyr,
colourpicker (>= 0.2),
dplyr (>= 0.5),
miniUI"	"
magrittr (>= 1.0.1)"	NA	NA	NA	GPL-2 (GNU General Public License Version 2)	NA	NA	NA	NA	no	3.3.0
ggplot2	/Library/Frameworks/R.framework/Versions/3.3/Resources/library	2.2.1	NA	R (>= 3.1)	"digest, grid, gtable (>= 0.1.1), MASS, plyr (>= 1.7.1),
reshape2, scales (>= 0.4.1), stats, tibble, lazyeval"	NA	"covr, ggplot2movies, hexbin, Hmisc, lattice, mapproj, maps,
maptools, mgcv, multcomp, nlme, testthat (>= 0.11.0), quantreg,
knitr, rpart, rmarkdown, svglite"	sp	GPL-2 | file LICENSE	NA	NA	NA	NA	no	3.3.2
ggthemes	/Library/Frameworks/R.framework/Versions/3.3/Resources/library	3.3.0	NA	R (>= 3.0.0),	"assertthat, colorspace, ggplot2 (>= 2.2.0), graphics, grid,
methods, scales"	NA	"extrafont, knitr, lintr, maps, mapproj, pander, plyr,
reshape2, rmarkdown, testthat"	NA	GPL-2	NA	NA	NA	NA	no	3.3.0
ggvis	/Library/Frameworks/R.framework/Versions/3.3/Resources/library	0.4.3	NA	R (>= 3.0)	"assertthat, jsonlite (>= 0.9.11), shiny (>= 0.11.1), magrittr,
dplyr (>= 0.4.0), lazyeval, htmltools (>= 0.2.4), methods"	NA	"MASS, mgcv, lubridate, testthat (>= 0.8.1), knitr (>= 1.6),
rmarkdown"	NA	GPL-2 | file LICENSE	NA	NA	NA	NA	no	3.3.0
ghit	/Library/Frameworks/R.framework/Versions/3.3/Resources/library	0.2.15	NA	NA	utils, tools, git2r (>= 0.12.1)	NA	testthat	NA	MIT + file LICENSE	NA	NA	NA	NA	no	3.3.2
git2r	/Library/Frameworks/R.framework/Versions/3.3/Resources/library	0.18.0	NA	R (>= 3.0.2), methods	graphics, utils	NA	getPass	NA	GPL-2	NA	NA	NA	NA	yes	3.3.2
glm2	/Library/Frameworks/R.framework/Versions/3.3/Resources/library	1.1.2	NA	R (>= 2.12.1), stats	NA	NA	NA	NA	GPL (>= 2)	NA	NA	NA	NA	no	3.2.0
glmnet	/Library/Frameworks/R.framework/Versions/3.3/Resources/library	2.0-5	NA	Matrix (>= 1.0-6), utils, foreach	methods	NA	survival, knitr, lars	NA	GPL-2	NA	NA	NA	NA	yes	3.2.4
GlobalOptions	/Library/Frameworks/R.framework/Versions/3.3/Resources/library	0.0.10	NA	R (>= 2.10.0), methods	NA	NA	testthat (>= 1.0.0), knitr, markdown	NA	GPL (>= 2)	NA	NA	NA	NA	no	3.3.0
globals	/Library/Frameworks/R.framework/Versions/3.3/Resources/library	0.8.0	NA	R (>= 3.1.2)	codetools	NA	NA	NA	LGPL (>= 2.1)	NA	NA	NA	NA	no	3.3.2
gmodels	/Library/Frameworks/R.framework/Versions/3.3/Resources/library	2.16.2	NA	R (>= 1.9.0)	MASS, gdata	NA	gplots, gtools, Matrix, nlme, lme4 (>= 0.999999-0)	NA	GPL-2	NA	NA	NA	NA	no	3.2.0
goftest	/Library/Frameworks/R.framework/Versions/3.3/Resources/library	1.0-3	NA	R (>= 3.1)	stats	NA	NA	NA	GPL (>= 2)	NA	NA	NA	NA	yes	3.2.0
gplots	/Library/Frameworks/R.framework/Versions/3.3/Resources/library	3.0.1	NA	R (>= 3.0)	gtools, gdata, stats, caTools, KernSmooth	NA	grid, MASS	NA	GPL-2	NA	NA	NA	NA	no	3.2.4
graphics	/Library/Frameworks/R.framework/Versions/3.3/Resources/library	3.3.2	base	NA	grDevices	NA	NA	NA	Part of R 3.3.2	NA	NA	NA	NA	yes	3.3.2
grDevices	/Library/Frameworks/R.framework/Versions/3.3/Resources/library	3.3.2	base	NA	NA	NA	KernSmooth	NA	Part of R 3.3.2	NA	NA	NA	NA	yes	3.3.2
grid	/Library/Frameworks/R.framework/Versions/3.3/Resources/library	3.3.2	base	NA	grDevices, utils	NA	lattice	NA	Part of R 3.3.2	NA	NA	NA	NA	yes	3.3.2
gridBase	/Library/Frameworks/R.framework/Versions/3.3/Resources/library	0.4-7	NA	R (>= 2.3.0)	graphics, grid	NA	lattice	NA	GPL	NA	NA	NA	NA	no	3.2.0
gridExtra	/Library/Frameworks/R.framework/Versions/3.3/Resources/library	2.2.1	NA	NA	gtable, grid, grDevices, graphics, utils	NA	ggplot2, lattice, knitr, testthat	NA	GPL (>= 2)	NA	NA	NA	NA	no	3.2.4
gstat	/Library/Frameworks/R.framework/Versions/3.3/Resources/library	1.1-4	NA	R (>= 2.10)	"utils, stats, graphics, methods, lattice, sp (>= 0.9-72), zoo,
spacetime (>= 1.0-0), FNN"	NA	rgdal (>= 0.5.2), rgeos, fields, maps, mapdata, maptools, xts	NA	GPL (>= 2.0)	NA	NA	NA	NA	yes	3.3.2
gsubfn	/Library/Frameworks/R.framework/Versions/3.3/Resources/library	0.6-6	NA	R (>= 2.15.0), proto	NA	NA	"boot, chron, doBy, grid, lattice, quantreg, reshape, svUnit,
tcltk, zoo"	NA	GPL (>= 2)	NA	NA	NA	NA	no	3.2.0
gtable	/Library/Frameworks/R.framework/Versions/3.3/Resources/library	0.2.0	NA	R (>= 2.14)	grid	NA	testthat, covr	NA	GPL-2	NA	NA	NA	NA	no	3.2.3
gtools	/Library/Frameworks/R.framework/Versions/3.3/Resources/library	3.5.0	NA	R (>= 2.10)	NA	NA	NA	NA	GPL-2	NA	NA	NA	NA	yes	3.2.0
hexbin	/Library/Frameworks/R.framework/Versions/3.3/Resources/library	1.27.1	NA	R (>= 2.0.1), methods	lattice, grid, graphics, grDevices, stats, utils	NA	marray, affy, Biobase, limma	NA	GPL-2	NA	NA	NA	NA	yes	3.2.0
highr	/Library/Frameworks/R.framework/Versions/3.3/Resources/library	0.6	NA	R (>= 3.0.2)	NA	NA	knitr, testit	NA	GPL	NA	NA	NA	NA	no	3.2.3
Hmisc	/Library/Frameworks/R.framework/Versions/3.3/Resources/library	4.0-2	NA	lattice, survival (>= 2.40-1), Formula, ggplot2 (>= 2.2)	"methods, latticeExtra, cluster, rpart, nnet, acepack, foreign,
gtable, grid, gridExtra, data.table, htmlTable, viridis,
htmltools, base64enc"	NA	"chron, rms, mice, tables, knitr, ff, ffbase, plotly (>=
4.5.6)"	NA	GPL (>= 2)	NA	NA	NA	NA	yes	3.3.2
hms	/Library/Frameworks/R.framework/Versions/3.3/Resources/library	0.3	NA	NA	methods	NA	testthat, lubridate	NA	GPL-3	NA	NA	NA	NA	no	3.3.2
htmlTable	/Library/Frameworks/R.framework/Versions/3.3/Resources/library	1.8	NA	NA	stringr, knitr (>= 1.6), magrittr (>= 1.5), methods, checkmate	NA	"testthat, XML, xtable, ztable, Hmisc, reshape, rmarkdown,
pander, chron, lubridate"	NA	GPL (>= 3)	NA	NA	NA	NA	no	3.3.2
htmltools	/Library/Frameworks/R.framework/Versions/3.3/Resources/library	0.3.5	NA	R (>= 2.14.1)	utils, digest, Rcpp	Rcpp	markdown, testthat	knitr	GPL (>= 2)	NA	NA	NA	NA	yes	3.2.4
htmlwidgets	/Library/Frameworks/R.framework/Versions/3.3/Resources/library	0.8	NA	NA	htmltools (>= 0.3), jsonlite (>= 0.9.16), yaml	NA	knitr (>= 1.8)	shiny (>= 0.12)	MIT + file LICENSE	NA	NA	NA	NA	no	3.3.2
httpcode	/Library/Frameworks/R.framework/Versions/3.3/Resources/library	0.2.0	NA	NA	NA	NA	NA	NA	MIT + file LICENSE	NA	NA	NA	NA	no	3.3.2
httpuv	/Library/Frameworks/R.framework/Versions/3.3/Resources/library	1.3.3	NA	R (>= 2.15.1), methods	Rcpp (>= 0.11.0), utils	Rcpp	NA	NA	GPL-3 | file LICENSE	NA	NA	NA	NA	yes	3.2.0
httr	/Library/Frameworks/R.framework/Versions/3.3/Resources/library	1.2.1	NA	R (>= 3.0.0)	jsonlite, mime, curl (>= 0.9.1), openssl (>= 0.8), R6	NA	"httpuv, jpeg, knitr, png, testthat (>= 0.8.0), readr, xml2,
rmarkdown"	NA	MIT + file LICENSE	NA	NA	NA	NA	no	3.3.0
HyperbolicDist	/Library/Frameworks/R.framework/Versions/3.3/Resources/library	0.6-2	NA	R (>= 2.3.0)	NA	NA	VarianceGamma, actuar	NA	GPL (>= 2)	NA	NA	NA	NA	NA	3.2.0
hypergeo	/Library/Frameworks/R.framework/Versions/3.3/Resources/library	1.2-13	NA	R (>= 3.1.0),	elliptic (>= 1.3-5), contfrac (>= 1.1-9), deSolve	NA	NA	NA	GPL-2	NA	NA	NA	NA	no	3.2.4
igraph	/Library/Frameworks/R.framework/Versions/3.3/Resources/library	1.0.1	NA	methods	Matrix, magrittr, NMF, irlba	NA	igraphdata, stats4, rgl, tcltk, graph, ape, scales	NA	GPL (>= 2)	NA	NA	NA	NA	yes	3.2.0
influenceR	/Library/Frameworks/R.framework/Versions/3.3/Resources/library	0.1.0	NA	R (>= 3.2.0)	igraph (>= 1.0.1), Matrix (>= 1.1-4), methods, utils	NA	testthat	NA	GPL-2	NA	NA	NA	NA	yes	3.3.0
intervals	/Library/Frameworks/R.framework/Versions/3.3/Resources/library	0.15.1	NA	R (>= 2.9.0)	utils, graphics, methods	NA	NA	NA	Artistic-2.0	NA	NA	NA	NA	yes	3.2.0
introgress	/Library/Frameworks/R.framework/Versions/3.3/Resources/library	1.2.3	NA	nnet, genetics, RColorBrewer	NA	NA	NA	NA	GPL (>= 2)	NA	NA	NA	NA	NA	3.2.0
intubate	/Library/Frameworks/R.framework/Versions/3.3/Resources/library	1.0.0	NA	NA	NA	NA	knitr, magrittr, rmarkdown	NA	GPL (>= 2)	NA	NA	NA	NA	no	3.3.0
iplots	/Library/Frameworks/R.framework/Versions/3.3/Resources/library	1.1-7	NA	R (>= 1.5.0), methods, rJava (>= 0.5-0)	grDevices, png	NA	maps, MASS	NA	GPL-2	NA	NA	NA	NA	no	3.2.0
ipred	/Library/Frameworks/R.framework/Versions/3.3/Resources/library	0.9-5	NA	R (>= 2.10)	rpart (>= 3.1-8), MASS, survival, nnet, class, prodlim	NA	mvtnorm, mlbench, TH.data	NA	GPL (>= 2)	NA	NA	NA	NA	yes	3.2.0
irlba	/Library/Frameworks/R.framework/Versions/3.3/Resources/library	2.1.2	NA	Matrix	stats, methods	Matrix	NA	NA	GPL-3	NA	NA	NA	NA	yes	3.3.0
irr	/Library/Frameworks/R.framework/Versions/3.3/Resources/library	0.84	NA	lpSolve	NA	NA	NA	NA	GPL (>= 2)	NA	NA	NA	NA	NA	3.2.0
iterators	/Library/Frameworks/R.framework/Versions/3.3/Resources/library	1.0.8	NA	R (>= 2.5.0), utils	NA	NA	RUnit	NA	Apache License (== 2.0)	NA	NA	NA	NA	no	3.2.0
JavaGD	/Library/Frameworks/R.framework/Versions/3.3/Resources/library	0.6-1	NA	R (>= 2.4.0)	NA	NA	rJava (>= 0.5-0)	NA	GPL-2 | GPL-3	NA	NA	NA	NA	NA	3.2.0
JGR	/Library/Frameworks/R.framework/Versions/3.3/Resources/library	1.7-16	NA	"R (>= 2.10), rJava (>= 0.9-5), JavaGD (>= 0.6), iplots (>=
1.1-7)"	NA	NA	XLConnect	NA	GPL-2	NA	NA	NA	NA	no	3.2.0
jsonlite	/Library/Frameworks/R.framework/Versions/3.3/Resources/library	1.2	NA	methods	NA	NA	httr, curl, plyr, testthat, knitr, rmarkdown, R.rsp	NA	MIT + file LICENSE	NA	NA	NA	NA	yes	3.3.2
jvctools	/Library/Frameworks/R.framework/Versions/3.3/Resources/library	0.1.0	NA	NA	NA	NA	NA	NA	What license is it under?	NA	NA	NA	NA	NA	3.3.0
kernelFactory	/Library/Frameworks/R.framework/Versions/3.3/Resources/library	0.3.0	NA	NA	randomForest, AUC, genalg, kernlab, stats	NA	NA	NA	GPL (>= 2)	NA	NA	NA	NA	no	3.2.0
kernlab	/Library/Frameworks/R.framework/Versions/3.3/Resources/library	0.9-25	NA	R (>= 2.10)	methods, stats, grDevices, graphics	NA	NA	NA	GPL-2	NA	NA	NA	NA	yes	3.3.0
KernSmooth	/Library/Frameworks/R.framework/Versions/3.3/Resources/library	2.23-15	recommended	R (>= 2.5.0), stats	NA	NA	MASS	NA	Unlimited	NA	NA	NA	NA	yes	3.3.2
klaR	/Library/Frameworks/R.framework/Versions/3.3/Resources/library	0.6-12	NA	R (>= 2.10.0), MASS	combinat	NA	scatterplot3d (>= 0.3-22), som, mlbench, rpart, e1071	NA	GPL-2	NA	NA	NA	NA	no	3.2.0
knitr	/Library/Frameworks/R.framework/Versions/3.3/Resources/library	1.15.1	NA	R (>= 3.1.0)	"evaluate (>= 0.10), digest, highr, markdown, stringr (>= 0.6),
yaml, methods, tools"	NA	"formatR, testit, rgl (>= 0.95.1201), codetools, rmarkdown,
htmlwidgets (>= 0.7), webshot, tikzDevice (>= 0.10), png, jpeg,
XML, RCurl, DBI (>= 0.4-1), tibble"	NA	GPL	NA	NA	NA	NA	no	3.3.2
labeling	/Library/Frameworks/R.framework/Versions/3.3/Resources/library	0.3	NA	NA	NA	NA	NA	NA	MIT + file LICENSE | Unlimited	NA	NA	NA	NA	no	3.2.0
lars	/Library/Frameworks/R.framework/Versions/3.3/Resources/library	1.2	NA	R (>= 2.10)	NA	NA	NA	NA	GPL-2	NA	NA	NA	NA	yes	3.2.0
lattice	/Library/Frameworks/R.framework/Versions/3.3/Resources/library	0.20-34	recommended	R (>= 3.0.0)	grid, grDevices, graphics, stats, utils	NA	KernSmooth, MASS	chron	GPL (>= 2)	NA	NA	NA	NA	yes	3.3.2
latticeExtra	/Library/Frameworks/R.framework/Versions/3.3/Resources/library	0.6-28	NA	R (>= 2.10.0), lattice, RColorBrewer	grid, stats, utils, grDevices	NA	maps, mapproj, deldir, tripack, zoo, MASS, quantreg, mgcv	NA	GPL (>= 2)	NA	NA	NA	NA	no	3.2.3
lava	/Library/Frameworks/R.framework/Versions/3.3/Resources/library	1.4.6	NA	R (>= 3.0)	numDeriv, methods, graphics, grDevices, utils, survival, stats	NA	"mets (>= 1.1), optimx, data.table, Rgraphviz, graph, igraph
(>= 0.6), visNetwork, Matrix, KernSmooth, lme4, geepack, gof
(>= 0.9), foreach, quantreg, rgl, fields, testthat (>= 0.11),
ascii, zoo"	NA	GPL-3	NA	NA	NA	NA	no	3.3.2
lazyeval	/Library/Frameworks/R.framework/Versions/3.3/Resources/library	0.2.0	NA	R (>= 3.1.0)	NA	NA	knitr, rmarkdown (>= 0.2.65), testthat, covr	NA	GPL-3	NA	NA	NA	NA	yes	3.3.0
leaflet	/Library/Frameworks/R.framework/Versions/3.3/Resources/library	1.0.1	NA	NA	"base64enc, grDevices, htmlwidgets, htmltools, magrittr,
markdown, methods, png, RColorBrewer, raster, scales (>=
0.2.5), sp, stats, utils"	NA	knitr, maps, shiny, testit (>= 0.4), rgdal, R6, RJSONIO	NA	GPL-3 | file LICENSE	NA	NA	NA	NA	no	3.2.3
leaps	/Library/Frameworks/R.framework/Versions/3.3/Resources/library	3.0	NA		NA	NA	biglm	NA	GPL (>= 2)	NA	NA	NA	NA	yes	3.3.2
LearnBayes	/Library/Frameworks/R.framework/Versions/3.3/Resources/library	2.15	NA	NA	NA	NA	NA	NA	GPL (>= 2)	NA	NA	NA	NA	no	3.2.0
lhs	/Library/Frameworks/R.framework/Versions/3.3/Resources/library	0.14	NA	R (>= 2.14.2)	NA	NA	RUnit	NA	GPL (>= 2)	NA	NA	NA	NA	yes	3.3.0
listenv	/Library/Frameworks/R.framework/Versions/3.3/Resources/library	0.6.0	NA	R (>= 3.1.2)	NA	NA	R.utils, R.rsp	NA	LGPL (>= 2.1)	NA	NA	NA	NA	no	3.2.3
lme4	/Library/Frameworks/R.framework/Versions/3.3/Resources/library	1.1-12	NA	R (>= 3.0.2), Matrix (>= 1.1.1), methods, stats	"graphics, grid, splines, utils, parallel, MASS, lattice, nlme
(>= 3.1-123), minqa (>= 1.1.15), nloptr (>= 1.0.4)"	Rcpp (>= 0.10.5), RcppEigen	"knitr, boot, PKPDmodels, MEMSS, testthat (>= 0.8.1), ggplot2,
mlmRev, optimx (>= 2013.8.6), gamm4, pbkrtest, HSAUR2, numDeriv"	NA	GPL (>= 2)	NA	NA	NA	NA	yes	3.2.5
lmtest	/Library/Frameworks/R.framework/Versions/3.3/Resources/library	0.9-34	NA	R (>= 2.10.0), stats, zoo	graphics	NA	car, strucchange, sandwich, dynlm, stats4, survival, AER	NA	GPL-2 | GPL-3	NA	NA	NA	NA	yes	3.2.0
locfit	/Library/Frameworks/R.framework/Versions/3.3/Resources/library	1.5-9.1	NA	R (>= 2.0.1)	lattice	NA	akima, gam	NA	GPL (>= 2)	NA	NA	NA	NA	yes	3.2.0
lpSolve	/Library/Frameworks/R.framework/Versions/3.3/Resources/library	5.6.13	NA	NA	NA	NA	NA	NA	LGPL-2	NA	NA	NA	NA	yes	3.2.0
lsmeans	/Library/Frameworks/R.framework/Versions/3.3/Resources/library	2.25	NA	estimability, methods, R (>= 3.2)	"graphics, stats, utils, nlme, coda (>= 0.17), multcomp, plyr,
mvtnorm, xtable (>= 1.8-2)"	NA	"car, lattice, MCMCpack, mediation, multcompView, ordinal,
pbkrtest (>= 0.4-1), CARBayes, coxme, gee, geepack, glmmADMB,
lme4.0, lme4, lmerTest (>= 2.0.32), MASS, MCMCglmm, nnet, pscl,
rsm, survival"	NA	GPL-2 | GPL-3	NA	NA	NA	NA	no	3.3.2
lubridate	/Library/Frameworks/R.framework/Versions/3.3/Resources/library	1.6.0	NA	methods, R (>= 3.0.0)	stringr	NA	testthat, knitr, covr	chron, timeDate, zoo, xts, its, tis, timeSeries, fts, tseries	GPL-2	NA	NA	NA	NA	yes	3.3.0
magrittr	/Library/Frameworks/R.framework/Versions/3.3/Resources/library	1.5	NA	NA	NA	NA	testthat, knitr	NA	MIT + file LICENSE	NA	NA	NA	NA	no	3.2.0
maps	/Library/Frameworks/R.framework/Versions/3.3/Resources/library	3.1.1	NA	R (>= 2.14.0)	graphics, utils	NA	mapproj (>= 1.2-0), mapdata (>= 2.2-4), sp, maptools	NA	GPL-2	NA	NA	NA	NA	yes	3.3.0
markdown	/Library/Frameworks/R.framework/Versions/3.3/Resources/library	0.7.7	NA	R (>= 2.11.1)	mime (>= 0.3)	NA	knitr, RCurl	NA	GPL-2	NA	NA	NA	NA	yes	3.2.0
MASS	/Library/Frameworks/R.framework/Versions/3.3/Resources/library	7.3-45	recommended	R (>= 3.1.0), grDevices, graphics, stats, utils	methods	NA	lattice, nlme, nnet, survival	NA	GPL-2 | GPL-3	NA	NA	NA	NA	yes	3.3.2
Matrix	/Library/Frameworks/R.framework/Versions/3.3/Resources/library	1.2-8	recommended	R (>= 3.0.1)	methods, graphics, grid, stats, utils, lattice	NA	expm, MASS	MatrixModels, graph, SparseM, sfsmisc	GPL (>= 2) | file LICENCE	NA	NA	NA	NA	yes	3.3.2
matrixcalc	/Library/Frameworks/R.framework/Versions/3.3/Resources/library	1.0-3	NA	R (>= 2.0.1)	NA	NA	NA	NA	GPL (>= 2)	NA	NA	NA	NA	NA	3.2.0
MatrixModels	/Library/Frameworks/R.framework/Versions/3.3/Resources/library	0.4-1	NA	R (>= 3.0.1)	stats, methods, Matrix (>= 1.1-5)	NA	NA	NA	GPL (>= 2)	NA	NA	NA	NA	no	3.2.0
matrixStats	/Library/Frameworks/R.framework/Versions/3.3/Resources/library	0.51.0	NA	R (>= 2.12.0)	NA	NA	base64enc, ggplot2, knitr, microbenchmark, R.devices, R.rsp	NA	Artistic-2.0	NA	NA	NA	NA	yes	3.3.0
mclust	/Library/Frameworks/R.framework/Versions/3.3/Resources/library	5.2.2	NA	R (>= 3.0)	stats, utils, graphics, grDevices	NA	knitr (>= 1.12), rmarkdown (>= 0.9), mix (>= 1.0)	NA	GPL (>= 2)	NA	NA	NA	NA	yes	3.3.2
mcmc	/Library/Frameworks/R.framework/Versions/3.3/Resources/library	0.9-4	NA	R (>= 2.10.0)	stats	NA	xtable, Iso	NA	MIT + file LICENSE	NA	NA	NA	NA	yes	3.2.0
MCMCpack	/Library/Frameworks/R.framework/Versions/3.3/Resources/library	1.3-8	NA	R (>= 2.10.0), coda (>= 0.11-3), MASS, stats	graphics, grDevices, lattice, methods, utils, mcmc, quantreg	NA	NA	NA	GPL-3	NA	NA	NA	NA	yes	3.3.0
memoise	/Library/Frameworks/R.framework/Versions/3.3/Resources/library	1.0.0	NA	NA	digest (>= 0.6.3)	NA	testthat	NA	MIT + file LICENSE	NA	NA	NA	NA	no	3.2.3
methods	/Library/Frameworks/R.framework/Versions/3.3/Resources/library	3.3.2	base	NA	utils, stats	NA	codetools	NA	Part of R 3.3.2	NA	NA	NA	NA	yes	3.3.2
mgcv	/Library/Frameworks/R.framework/Versions/3.3/Resources/library	1.8-16	recommended	R (>= 2.14.0), nlme (>= 3.1-64)	methods, stats, graphics, Matrix	NA	splines, parallel, survival, MASS	NA	GPL (>= 2)	NA	NA	NA	NA	yes	3.3.0
mhsmm	/Library/Frameworks/R.framework/Versions/3.3/Resources/library	0.4.16	NA	mvtnorm	NA	NA	NA	NA	GPL (>= 2)	NA	NA	NA	NA	yes	3.3.2
mi	/Library/Frameworks/R.framework/Versions/3.3/Resources/library	1.0	NA	R (>= 3.0.0), methods, Matrix, stats4	arm (>= 1.4-11)	NA	"betareg, lattice, knitr, MASS, nnet, parallel, sn, survival,
truncnorm, foreign"	NA	GPL (>= 2)	NA	NA	NA	NA	no	3.2.0
mime	/Library/Frameworks/R.framework/Versions/3.3/Resources/library	0.5	NA	NA	tools	NA	NA	NA	GPL	NA	NA	NA	NA	yes	3.3.0
miniUI	/Library/Frameworks/R.framework/Versions/3.3/Resources/library	0.1.1	NA	NA	shiny (>= 0.13), htmltools (>= 0.3), utils	NA	NA	NA	GPL-3	NA	NA	NA	NA	no	3.3.0
minqa	/Library/Frameworks/R.framework/Versions/3.3/Resources/library	1.2.4	NA	NA	Rcpp (>= 0.9.10)	Rcpp	NA	NA	GPL-2	NA	NA	NA	NA	yes	3.2.0
mlbench	/Library/Frameworks/R.framework/Versions/3.3/Resources/library	2.1-1	NA	R (>= 2.10)	NA	NA	lattice	NA	GPL-2	NA	NA	NA	NA	NA	3.2.0
mnormt	/Library/Frameworks/R.framework/Versions/3.3/Resources/library	1.5-5	NA	R (>= 2.2.0)	NA	NA	NA	NA	GPL-2 | GPL-3	NA	NA	NA	NA	yes	3.3.0
ModelMetrics	/Library/Frameworks/R.framework/Versions/3.3/Resources/library	1.1.0	NA	R (>= 3.2.2)	Rcpp	Rcpp	testthat	NA	GPL (>= 2)	NA	NA	NA	NA	yes	3.3.0
modeltools	/Library/Frameworks/R.framework/Versions/3.3/Resources/library	0.2-21	NA	stats, stats4	methods	NA	NA	NA	GPL-2	NA	NA	NA	NA	no	3.2.0
moments	/Library/Frameworks/R.framework/Versions/3.3/Resources/library	0.14	NA	NA	NA	NA	NA	NA	GPL (>= 2)	NA	NA	NA	NA	no	3.2.0
mosaic	/Library/Frameworks/R.framework/Versions/3.3/Resources/library	0.14.4	NA	"R (>= 3.0.0), dplyr, lattice (>= 0.20-21), ggplot2,
mosaicData, Matrix"	"lazyeval (>= 0.2.0), MASS, grid, tidyr, readr, methods, utils,
splines, latticeExtra, ggdendro, gridExtra"	NA	"lubridate, fastR, magrittr, NHANES, RCurl, sp, maptools, vcd,
testthat, knitr, tools, parallel, mapproj, rgl, rmarkdown"	manipulate	GPL (>= 2)	NA	NA	NA	NA	no	3.3.0
mosaicData	/Library/Frameworks/R.framework/Versions/3.3/Resources/library	0.14.0	NA	R (>= 3.0.0)	NA	NA	lattice, mosaic, reshape2, ggplot2, dplyr	NA	GPL (>= 2)	NA	NA	NA	NA	no	3.3.0
multcomp	/Library/Frameworks/R.framework/Versions/3.3/Resources/library	1.4-6	NA	"stats, graphics, mvtnorm (>= 1.0-3), survival (>= 2.39-4),
TH.data (>= 1.0-2)"	sandwich (>= 2.3-0), codetools	NA	"lme4 (>= 0.999375-16), nlme, robustbase, coin, MASS, car,
foreign, xtable, lmtest, coxme (>= 2.2-1), SimComp, ISwR"	NA	GPL-2	NA	NA	NA	NA	no	3.3.0
munsell	/Library/Frameworks/R.framework/Versions/3.3/Resources/library	0.4.3	NA	NA	colorspace, methods	NA	ggplot2, testthat	NA	MIT + file LICENSE	NA	NA	NA	NA	no	3.2.3
mvtnorm	/Library/Frameworks/R.framework/Versions/3.3/Resources/library	1.0-5	NA	R(>= 1.9.0)	stats, methods	NA	NA	NA	GPL-2	NA	NA	NA	NA	yes	3.2.3
natserv	/Library/Frameworks/R.framework/Versions/3.3/Resources/library	0.1.4	NA	R(>= 3.2.1)	"crul (>= 0.2.0), xml2 (>= 1.0.0), tibble (>= 1.2), data.table
(>= 1.10.0)"	NA	roxygen2 (>= 5.0.1), testthat, covr, ggplot2, maps, mapproj	NA	MIT + file LICENSE	NA	NA	NA	NA	no	3.3.2
network	/Library/Frameworks/R.framework/Versions/3.3/Resources/library	1.13.0	NA	R (>= 2.10), utils	NA	NA	sna, statnet.common, testthat	NA	GPL (>= 2)	NA	NA	NA	NA	yes	3.2.0
neuralnet	/Library/Frameworks/R.framework/Versions/3.3/Resources/library	1.33	NA	R (>= 2.9.0)	grid, MASS, grDevices, stats, utils	NA	NA	NA	GPL (>= 2)	NA	NA	NA	NA	no	3.3.0
nleqslv	/Library/Frameworks/R.framework/Versions/3.3/Resources/library	3.0.3	NA	NA	NA	NA	NA	NA	GPL (>= 2)	NA	NA	NA	NA	yes	3.3.0
nlme	/Library/Frameworks/R.framework/Versions/3.3/Resources/library	3.1-130	recommended	R (>= 3.0.2)	graphics, stats, utils, lattice	NA	Hmisc, MASS	NA	GPL (>= 2) | file LICENCE	NA	NA	NA	NA	yes	3.3.2
nloptr	/Library/Frameworks/R.framework/Versions/3.3/Resources/library	1.0.4	NA	NA	NA	NA	testthat (>= 0.8.1)	NA	LGPL-3	NA	NA	NA	NA	yes	3.2.0
NLP	/Library/Frameworks/R.framework/Versions/3.3/Resources/library	0.1-9	NA	R (>= 2.10)	utils	NA	NA	NA	GPL-3	NA	NA	NA	NA	no	3.2.3
NMF	/Library/Frameworks/R.framework/Versions/3.3/Resources/library	0.20.6	NA	"R (>= 3.0.0), methods, utils, pkgmaker (>= 0.20), registry,
rngtools (>= 1.2.3), cluster"	"graphics, stats, stringr (>= 1.0.0), digest, grid, grDevices,
gridBase, colorspace, RColorBrewer, foreach, doParallel,
ggplot2, reshape2"	NA	"RcppOctave (>= 0.11), fastICA, doMPI, bigmemory (>= 4.2),
synchronicity, corpcor, xtable, devtools, knitr, bibtex, RUnit,
mail, Biobase"	NA	GPL (>= 2)	NA	NA	NA	NA	yes	3.2.0
nnet	/Library/Frameworks/R.framework/Versions/3.3/Resources/library	7.3-12	recommended	R (>= 2.14.0), stats, utils	NA	NA	MASS	NA	GPL-2 | GPL-3	NA	NA	NA	NA	yes	3.3.2
nortest	/Library/Frameworks/R.framework/Versions/3.3/Resources/library	1.0-4	NA	NA	stats	NA	NA	NA	GPL (>= 2)	NA	NA	NA	NA	no	3.2.0
numDeriv	/Library/Frameworks/R.framework/Versions/3.3/Resources/library	2016.8-1	NA	R (>= 2.11.1)	NA	NA	NA	NA	GPL-2	NA	NA	NA	NA	no	3.3.0
openssl	/Library/Frameworks/R.framework/Versions/3.3/Resources/library	0.9.6	NA	NA	NA	NA	testthat, digest, knitr, rmarkdown, jsonlite, jose	NA	MIT + file LICENSE	NA	NA	NA	NA	yes	3.3.2
parallel	/Library/Frameworks/R.framework/Versions/3.3/Resources/library	3.3.2	base	NA	tools	NA	methods	snow, nws, Rmpi	Part of R 3.3.2	NA	NA	NA	NA	yes	3.3.2
pbapply	/Library/Frameworks/R.framework/Versions/3.3/Resources/library	1.3-1	NA	R (>= 3.2.0)	parallel	NA	NA	NA	GPL-2	NA	NA	NA	NA	no	3.3.0
pbkrtest	/Library/Frameworks/R.framework/Versions/3.3/Resources/library	0.4-6	NA	R (>= 3.2.3), lme4 (>= 1.1.10)	Matrix (>= 1.2.3), parallel, MASS, methods	NA	gplots	NA	GPL (>= 2)	NA	NA	NA	NA	no	3.2.3
pcaMethods	/Library/Frameworks/R.framework/Versions/3.3/Resources/library	1.66.0	NA	Biobase, methods	BiocGenerics, Rcpp (>= 0.11.3), MASS	Rcpp	matrixStats, lattice, ggplot2	NA	GPL (>= 3)	NA	NA	NA	NA	yes	3.3.1
pegas	/Library/Frameworks/R.framework/Versions/3.3/Resources/library	0.9	NA	R (>= 2.6.0), ape (>= 2.4), adegenet	graphics, utils	NA	NA	NA	GPL (>= 2)	NA	NA	NA	NA	yes	3.2.5
permute	/Library/Frameworks/R.framework/Versions/3.3/Resources/library	0.9-4	NA	R (>= 2.14.0)	stats	NA	vegan (>= 2.0-0), testthat (>= 0.5), parallel	NA	GPL-2	NA	NA	NA	NA	no	3.3.0
pkgmaker	/Library/Frameworks/R.framework/Versions/3.3/Resources/library	0.22	NA	R (>= 3.0.0), stats, registry	methods, tools, codetools, digest, stringr, xtable, grDevices	NA	"devtools (>= 0.8), bibtex, RUnit, testthat, knitr,
ReportingTools, hwriter, argparse"	NA	GPL (>= 2)	NA	NA	NA	NA	no	3.2.0
plogr	/Library/Frameworks/R.framework/Versions/3.3/Resources/library	0.1-1	NA	NA	NA	NA	Rcpp	NA	MIT + file LICENSE	NA	NA	NA	NA	no	3.3.0
plotly	/Library/Frameworks/R.framework/Versions/3.3/Resources/library	4.5.6	NA	R (>= 3.2.0), ggplot2 (> 2.1.0)	"scales, httr, jsonlite, magrittr, digest, viridisLite,
base64enc, htmlwidgets, tidyr, dplyr, tibble, hexbin, lazyeval
(>= 0.2.0), purrr"	NA	"MASS, maps, ggthemes, GGally, testthat, knitr, devtools,
shiny (>= 0.14), htmltools, curl, rmarkdown, RColorBrewer,
Rserve, RSclient, broom, webshot, listviewer"	NA	MIT + file LICENSE	NA	NA	NA	NA	no	3.3.0
plotrix	/Library/Frameworks/R.framework/Versions/3.3/Resources/library	3.6-4	NA	NA	grDevices, graphics, stats, utils	NA	NA	NA	GPL (>= 2)	NA	NA	NA	NA	no	3.3.2
pls	/Library/Frameworks/R.framework/Versions/3.3/Resources/library	2.6-0	NA	R (>= 2.10)	grDevices, graphics, methods, stats	NA	MASS, parallel, Rmpi	NA	GPL-2	NA	NA	NA	NA	no	3.3.2
plyr	/Library/Frameworks/R.framework/Versions/3.3/Resources/library	1.8.4	NA	R (>= 3.1.0)	Rcpp (>= 0.11.0)	Rcpp	"abind, testthat, tcltk, foreach, doParallel, itertools,
iterators, covr"	NA	MIT + file LICENSE	NA	NA	NA	NA	yes	3.3.0
png	/Library/Frameworks/R.framework/Versions/3.3/Resources/library	0.1-7	NA	R (>= 2.9.0)	NA	NA	NA	NA	GPL-2 | GPL-3	NA	NA	NA	NA	yes	3.2.0
polyclip	/Library/Frameworks/R.framework/Versions/3.3/Resources/library	1.5-6	NA	R (>= 3.0.0)	NA	NA	NA	NA	BSL	NA	NA	NA	NA	yes	3.2.4
polynom	/Library/Frameworks/R.framework/Versions/3.3/Resources/library	1.3-9	NA	NA	stats, graphics	NA	NA	NA	GPL-2	NA	NA	NA	NA	no	3.3.2
pracma	/Library/Frameworks/R.framework/Versions/3.3/Resources/library	1.9.9	NA	R (>= 2.11.1)	graphics, grDevices, stats, utils, quadprog	NA	NA	NA	GPL (>= 3)	NA	NA	NA	NA	no	3.3.2
praise	/Library/Frameworks/R.framework/Versions/3.3/Resources/library	1.0.0	NA	NA	NA	NA	testthat	NA	MIT + file LICENSE	NA	NA	NA	NA	no	3.2.0
prettyunits	/Library/Frameworks/R.framework/Versions/3.3/Resources/library	1.0.2	NA	NA	magrittr, assertthat, methods	NA	testthat	NA	MIT + file LICENSE	NA	NA	NA	NA	no	3.3.0
prodlim	/Library/Frameworks/R.framework/Versions/3.3/Resources/library	1.5.9	NA	R (>= 2.9.0)	Rcpp (>= 0.11.5), stats, graphics, survival, KernSmooth, lava	Rcpp	NA	NA	GPL (>= 2)	NA	NA	NA	NA	yes	3.3.2
progress	/Library/Frameworks/R.framework/Versions/3.3/Resources/library	1.1.2	NA	NA	prettyunits, R6	NA	testthat	NA	MIT + file LICENSE	NA	NA	NA	NA	no	3.3.2
protiq	/Library/Frameworks/R.framework/Versions/3.3/Resources/library	1.2	NA	methods	graph, RBGL, mvtnorm	NA	gplots	NA	GPL (>= 2)	NA	NA	NA	NA	no	3.2.0
proto	/Library/Frameworks/R.framework/Versions/3.3/Resources/library	1.0.0	NA	NA	NA	NA	testthat, covr	NA	GPL-2	NA	NA	NA	NA	no	3.3.0
PSCBS	/Library/Frameworks/R.framework/Versions/3.3/Resources/library	0.62.0	NA	R (>= 3.1.2), utils	"R.methodsS3 (>= 1.7.1), R.oo (>= 1.21.0), R.utils (>= 2.5.0),
R.cache (>= 0.12.0), matrixStats (>= 0.51.0), DNAcopy (>=
1.40.0), listenv (>= 0.6.0), future (>= 1.1.1), parallel"	NA	"Hmisc (>= 3.16-0), R.rsp (>= 0.30.0), R.devices (>= 2.15.0),
ggplot2 (>= 1.0.1), aroma.light (>= 2.2.1)"	NA	GPL (>= 2)	NA	NA	NA	NA	no	3.3.2
psych	/Library/Frameworks/R.framework/Versions/3.3/Resources/library	1.6.12	NA	R (>= 2.10)	mnormt,parallel,stats,graphics,grDevices,methods,foreign	NA	GPArotation, lavaan, sem, Rcsdp, graph, Rgraphviz	NA	GPL (>= 2)	NA	NA	NA	NA	no	3.3.0
purrr	/Library/Frameworks/R.framework/Versions/3.3/Resources/library	0.2.2	NA	NA	magrittr (>= 1.5), dplyr (>= 0.4.3), Rcpp, lazyeval (>= 0.2.0)	Rcpp, dplyr, BH	testthat, covr	NA	GPL-3 | file LICENSE	NA	NA	NA	NA	yes	3.3.0
quadprog	/Library/Frameworks/R.framework/Versions/3.3/Resources/library	1.5-5	NA	R (>= 2.15.0)	NA	NA	NA	NA	GPL (>= 2)	NA	NA	NA	NA	yes	3.2.0
quantmod	/Library/Frameworks/R.framework/Versions/3.3/Resources/library	0.4-7	NA	xts(>= 0.9-0), zoo, TTR(>= 0.2), methods	NA	NA	"DBI,RMySQL,RSQLite,timeSeries,its,XML,downloader,jsonlite(>=
1.1)"	NA	GPL-3	NA	NA	NA	NA	yes	3.3.0
quantreg	/Library/Frameworks/R.framework/Versions/3.3/Resources/library	5.29	NA	R (>= 2.6), stats, SparseM	methods, graphics, Matrix, MatrixModels	NA	"tripack, akima, MASS, survival, rgl, logspline, nor1mix,
Formula, zoo"	NA	GPL (>= 2)	NA	NA	NA	NA	yes	3.3.0
QUIC	/Library/Frameworks/R.framework/Versions/3.3/Resources/library	1.1	NA	R (>= 2.10)	NA	NA	NA	NA	GPL-3	NA	NA	NA	NA	NA	3.2.0
R.cache	/Library/Frameworks/R.framework/Versions/3.3/Resources/library	0.12.0	NA	R (>= 2.5.0)	"utils, R.methodsS3 (>= 1.7.0), R.oo (>= 1.19.0), R.utils (>=
2.1.0), digest (>= 0.6.8)"	NA	NA	NA	LGPL (>= 2.1)	NA	NA	NA	NA	no	3.2.2
R.devices	/Library/Frameworks/R.framework/Versions/3.3/Resources/library	2.15.1	NA	R (>= 2.14.0)	"grDevices, R.methodsS3 (>= 1.7.1), R.oo (>= 1.21.0), R.utils
(>= 2.5.0), base64enc (>= 0.1-3)"	NA	digest (>= 0.6.10), Cairo (>= 1.5-9), R.rsp (>= 0.30.0)	NA	LGPL (>= 2.1)	NA	NA	NA	NA	no	3.3.2
R.filesets	/Library/Frameworks/R.framework/Versions/3.3/Resources/library	2.10.0	NA	R (>= 3.1.2), R.oo (>= 1.19.0)	"digest (>= 0.6.8), future (>= 0.10.0), listenv (>= 0.6.0),
R.methodsS3 (>= 1.7.0), R.utils (>= 2.2.0), R.cache (>=
0.12.0), stats"	NA	"BatchJobs (>= 1.6), BiocParallel (>= 1.0.3), gtools (>=
3.5.0)"	NA	LGPL (>= 2.1)	NA	NA	NA	NA	no	3.2.3
R.huge	/Library/Frameworks/R.framework/Versions/3.3/Resources/library	0.9.0	NA	R (>= 2.10.0)	R.methodsS3 (>= 1.7.0), R.oo (>= 1.18.0), R.utils (>= 1.34.0)	NA	NA	NA	LGPL (>= 2.1)	NA	NA	NA	NA	no	3.2.0
R.methodsS3	/Library/Frameworks/R.framework/Versions/3.3/Resources/library	1.7.1	NA	R (>= 2.13.0)	utils	NA	NA	NA	LGPL (>= 2.1)	NA	NA	NA	NA	no	3.2.3
R.oo	/Library/Frameworks/R.framework/Versions/3.3/Resources/library	1.21.0	NA	R (>= 2.13.0), R.methodsS3 (>= 1.7.1)	methods, utils	NA	tools	NA	LGPL (>= 2.1)	NA	NA	NA	NA	no	3.3.0
R.rsp	/Library/Frameworks/R.framework/Versions/3.3/Resources/library	0.40.0	NA	R (>= 2.14.0)	"methods, stats, tools, utils, R.methodsS3 (>= 1.7.1), R.oo (>=
1.21.0), R.utils, R.cache (>= 0.12.0)"	NA	"tcltk, digest (>= 0.6.10), ascii (>= 2.1), markdown (>=
0.7.7), knitr (>= 1.9), R.devices (>= 2.15.1), base64enc (>=
0.1-3)"	NA	LGPL (>= 2.1)	NA	NA	NA	NA	no	3.3.2
R.utils	/Library/Frameworks/R.framework/Versions/3.3/Resources/library	2.5.0	NA	R (>= 2.14.0), R.oo (>= 1.20.0)	methods, utils, tools, R.methodsS3 (>= 1.7.1)	NA	digest (>= 0.6.10)	NA	LGPL (>= 2.1)	NA	NA	NA	NA	no	3.3.0
R2HTML	/Library/Frameworks/R.framework/Versions/3.3/Resources/library	2.3.2	NA	R (>= 2.0)	stats, graphics, utils, grDevices, methods	NA	boot, splines, survival, cluster, nlme, rpart, nnet	NA	GPL (>= 2)	NA	NA	NA	NA	no	3.3.0
R2jags	/Library/Frameworks/R.framework/Versions/3.3/Resources/library	0.5-7	NA	R (>= 2.14.0), rjags (>= 3-3)	"abind, coda (>= 0.13), graphics, grDevices, methods,
R2WinBUGS, parallel, stats, utils"	NA	NA	NA	GPL (>= 2)	NA	NA	NA	NA	no	3.2.0
R2WinBUGS	/Library/Frameworks/R.framework/Versions/3.3/Resources/library	2.1-21	NA	R (>= 2.13.0), coda (>= 0.11-0), boot	utils, stats, graphics	NA	BRugs (>= 0.3-2)	NA	GPL-2	NA	NA	NA	NA	no	3.2.0
R6	/Library/Frameworks/R.framework/Versions/3.3/Resources/library	2.2.0	NA	R (>= 3.0)	NA	NA	knitr, microbenchmark, pryr, testthat, ggplot2, scales	NA	MIT + file LICENSE	NA	NA	NA	NA	no	3.3.0
RandomFields	/Library/Frameworks/R.framework/Versions/3.3/Resources/library	3.1.36	NA	R (>= 3.0.2), sp, RandomFieldsUtils (>= 0.3.15)	graphics, methods, grDevices, stats, utils	RandomFieldsUtils	"colorspace, RColorBrewer, mvtnorm, raster, tcltk2, tcltk,
tkrplot, spam, tools, geoR, minqa, soma, optimx, nloptr, pso,
GenSA"	NA	GPL (>= 3)	NA	NA	NA	NA	yes	3.3.2
RandomFieldsUtils	/Library/Frameworks/R.framework/Versions/3.3/Resources/library	0.3.15	NA	R (>= 3.0)	utils	NA	NA	NA	GPL (>= 3)	NA	NA	NA	NA	yes	3.3.2
randomForest	/Library/Frameworks/R.framework/Versions/3.3/Resources/library	4.6-12	NA	R (>= 2.5.0), stats	NA	NA	RColorBrewer, MASS	NA	GPL (>= 2)	NA	NA	NA	NA	yes	3.2.0
raster	/Library/Frameworks/R.framework/Versions/3.3/Resources/library	2.5-8	NA	methods, sp (>= 1.2-0), R (>= 3.0.0)	Rcpp	Rcpp	"rgdal (>= 0.9-1), rgeos (>= 0.3-8), ncdf4, igraph, tcltk,
parallel, rasterVis"	NA	GPL (>= 3)	NA	NA	NA	NA	yes	3.3.0
rbace	/Library/Frameworks/R.framework/Versions/3.3/Resources/library	0.0.3.9100	NA	NA	"
crul (>= 0.2.0),
xml2 (>= 1.1.0),
dplyr"	NA	"
roxygen2 (>= 5.0.1),
testthat,
covr"	NA	MIT + file LICENSE	NA	NA	NA	NA	NA	3.3.2
Rcmdr	/Library/Frameworks/R.framework/Versions/3.3/Resources/library	2.3-2	NA	"R (>= 3.2.0), grDevices, utils, splines, RcmdrMisc (>= 1.0-4),
car (>= 2.1-3)"	"tcltk, tcltk2 (>= 1.2-6), abind, graphics, methods, stats,
relimp (>= 1.0-5)"	NA	"aplpack, boot, colorspace, effects (>= 3.0-1), e1071,
foreign, grid, Hmisc, knitr, lattice, leaps, lmtest, markdown,
MASS, mgcv, multcomp (>= 0.991-2), nlme, nnet, nortest, readxl,
rgl (>= 0.96.0), rmarkdown (>= 0.9.5), sem (>= 2.1-1)"	NA	GPL (>= 2)	NA	NA	NA	NA	no	3.3.2
RcmdrMisc	/Library/Frameworks/R.framework/Versions/3.3/Resources/library	1.0-5	NA	R (>= 3.0.0), utils, car, sandwich	"abind, colorspace, Hmisc, MASS, e1071, readxl, graphics,
grDevices, stats"	NA	NA	NA	GPL (>= 2)	NA	NA	NA	NA	no	3.3.0
RcmdrPlugin.depthTools	/Library/Frameworks/R.framework/Versions/3.3/Resources/library	1.3	NA	Rcmdr (>= 1.4-0), tcltk, depthTools	NA	NA	NA	NA	GPL (>= 2)	NA	NA	NA	NA	no	3.3.0
RcmdrPlugin.DoE	/Library/Frameworks/R.framework/Versions/3.3/Resources/library	0.12-3	NA	"R (>= 2.10.0), utils, DoE.base (>= 0.22-8), FrF2 (>= 1.2-10),
DoE.wrapper (>= 0.8-6), tcltk, relimp"	Rcmdr, RcmdrMisc	NA	FrF2.catlg128	NA	GPL (>= 2)	NA	NA	NA	NA	no	3.2.0
RColorBrewer	/Library/Frameworks/R.framework/Versions/3.3/Resources/library	1.1-2	NA	R (>= 2.0.0)	NA	NA	NA	NA	Apache License 2.0	NA	NA	NA	NA	no	3.2.0
Rcpp	/Library/Frameworks/R.framework/Versions/3.3/Resources/library	0.12.9	NA	R (>= 3.0.0)	methods, utils	NA	RUnit, inline, rbenchmark, highlight, pkgKitten (>= 0.1.2)	NA	GPL (>= 2)	NA	NA	NA	NA	yes	3.3.2
RcppArmadillo	/Library/Frameworks/R.framework/Versions/3.3/Resources/library	0.7.600.1.0	NA	NA	Rcpp (>= 0.11.0), stats, utils	Rcpp	RUnit, Matrix, pkgKitten	NA	GPL (>= 2)	NA	NA	NA	NA	yes	3.3.2
RcppEigen	/Library/Frameworks/R.framework/Versions/3.3/Resources/library	0.3.2.9.0	NA	R (>= 2.15.1)	Matrix (>= 1.1-0), Rcpp (>= 0.11.0), stats, utils	Rcpp	inline, RUnit, pkgKitten	NA	GPL (>= 2) | file LICENSE	NA	NA	NA	NA	yes	3.3.0
RCurl	/Library/Frameworks/R.framework/Versions/3.3/Resources/library	1.95-4.8	NA	R (>= 3.0.0), methods, bitops	NA	NA	Rcompression, XML	NA	BSD	NA	NA	NA	NA	yes	3.2.4
readr	/Library/Frameworks/R.framework/Versions/3.3/Resources/library	1.0.0	NA	R (>= 3.0.2)	Rcpp (>= 0.11.5), curl, tibble, hms, R6	Rcpp, BH	testthat, knitr, rmarkdown, stringi, covr	NA	GPL (>= 2) | file LICENSE	NA	NA	NA	NA	yes	3.3.0
readxl	/Library/Frameworks/R.framework/Versions/3.3/Resources/library	0.1.1	NA	NA	Rcpp (>= 0.11.5)	Rcpp	testthat	NA	GPL-3 + file LICENSE	NA	NA	NA	NA	yes	3.2.4
RecordLinkage	/Library/Frameworks/R.framework/Versions/3.3/Resources/library	0.4-10	NA	R (>= 2.10.0), DBI, RSQLite(>= 1.0.0), ff, ffbase	"e1071, rpart, ada, ipred, stats, evd, methods, data.table (>=
1.7.8), nnet, xtable"	NA	RUnit	NA	GPL (>= 2)	NA	NA	NA	NA	yes	3.3.0
registry	/Library/Frameworks/R.framework/Versions/3.3/Resources/library	0.3	NA	R (>= 2.6.0)	utils	NA	NA	NA	GPL-2	NA	NA	NA	NA	no	3.2.0
reliaR	/Library/Frameworks/R.framework/Versions/3.3/Resources/library	0.01	NA	NA	NA	NA	NA	NA	GPL-2	NA	NA	NA	NA	NA	3.2.0
relimp	/Library/Frameworks/R.framework/Versions/3.3/Resources/library	1.0-5	NA	R (>= 2.0.0)	stats, utils	NA	tcltk, nnet, MASS, Rcmdr	NA	GPL (>= 2)	NA	NA	NA	NA	no	3.2.4
rentrez	/Library/Frameworks/R.framework/Versions/3.3/Resources/library	1.0.4	NA	R (>= 2.6.0)	XML, httr (>= 0.5), jsonlite (>= 0.9)	NA	testthat, knitr, rmarkdown	NA	MIT + file LICENSE	NA	NA	NA	NA	no	3.3.0
reshape	/Library/Frameworks/R.framework/Versions/3.3/Resources/library	0.8.6	NA	R (>= 2.6.1)	plyr	NA	NA	NA	MIT + file LICENSE	NA	NA	NA	NA	yes	3.3.0
reshape2	/Library/Frameworks/R.framework/Versions/3.3/Resources/library	1.4.2	NA	NA	plyr (>= 1.8.1), stringr, Rcpp	Rcpp	testthat (>= 0.8.0), lattice	NA	MIT + file LICENSE	NA	NA	NA	NA	yes	3.3.0
rgexf	/Library/Frameworks/R.framework/Versions/3.3/Resources/library	0.15.3	NA	XML, Rook, igraph	NA	NA	NA	NA	GPL (>= 3)	NA	NA	NA	NA	yes	3.3.0
rgl	/Library/Frameworks/R.framework/Versions/3.3/Resources/library	0.97.0	NA	R (>= 3.2.0)	"graphics, grDevices, stats, utils, htmlwidgets, htmltools,
knitr, jsonlite (>= 0.9.20), shiny, magrittr"	NA	"MASS, rmarkdown, deldir, orientlib, lattice, misc3d,
rstudioapi, magick"	NA	GPL	NA	NA	NA	NA	yes	3.3.2
Rglpk	/Library/Frameworks/R.framework/Versions/3.3/Resources/library	0.6-2	NA	slam (>= 0.1-9)	NA	NA	NA	NA	GPL-2 | GPL-3	NA	NA	NA	NA	yes	3.3.0
rglwidget	/Library/Frameworks/R.framework/Versions/3.3/Resources/library	0.2.1	NA	NA	rgl (>= 0.96.0)	NA	NA	NA	GPL-2	NA	NA	NA	NA	no	3.3.0
ritis	/Library/Frameworks/R.framework/Versions/3.3/Resources/library	0.5.4	NA	NA	"solrium (>= 0.3.0), httr (>= 1.2.0), jsonlite (>= 0.9.22),
data.table (>= 1.9.6), tibble (>= 1.0)"	NA	roxygen2 (>= 5.0.1), testthat, knitr, covr	NA	MIT + file LICENSE	NA	NA	NA	NA	no	3.3.0
rjags	/Library/Frameworks/R.framework/Versions/3.3/Resources/library	4-6	NA	R (>= 2.14.0), coda (>= 0.13)	NA	NA	tcltk	NA	GPL (== 2)	NA	NA	NA	NA	yes	3.2.5
rJava	/Library/Frameworks/R.framework/Versions/3.3/Resources/library	0.9-8	NA	R (>= 2.5.0), methods	NA	NA	NA	NA	GPL-2	NA	NA	NA	NA	yes	3.2.3
rjson	/Library/Frameworks/R.framework/Versions/3.3/Resources/library	0.2.15	NA	R (>= 3.1.0)	NA	NA	NA	NA	GPL-2	NA	NA	NA	NA	yes	3.2.0
rmarkdown	/Library/Frameworks/R.framework/Versions/3.3/Resources/library	1.3	NA	R (>= 3.0)	"tools, utils, knitr (>= 1.14), yaml (>= 2.1.5), htmltools (>=
0.3.5), caTools, evaluate (>= 0.8), base64enc, jsonlite,
rprojroot, methods"	NA	shiny (>= 0.11), tufte, testthat, digest, tibble	NA	GPL-3	NA	NA	NA	NA	no	3.3.2
Rmazon	/Library/Frameworks/R.framework/Versions/3.3/Resources/library	0.1	NA	NA	"
rvest,
stringr,
lubridate"	NA	NA	NA	MIT	NA	NA	NA	NA	NA	3.3.0
RMySQL	/Library/Frameworks/R.framework/Versions/3.3/Resources/library	0.10.9	NA	R (>= 2.8.0), DBI (>= 0.4)	methods	NA	testthat	NA	GPL-2	NA	NA	NA	NA	yes	3.2.5
rncl	/Library/Frameworks/R.framework/Versions/3.3/Resources/library	0.8.2	NA	R (>= 3.1.1)	Rcpp (>= 0.11.0), progress (>= 1.1.2), stats	Rcpp, progress	testthat, ape	NA	BSD_2_clause + file LICENSE	NA	NA	NA	NA	yes	3.3.2
RNeXML	/Library/Frameworks/R.framework/Versions/3.3/Resources/library	2.0.7	NA	R (>= 3.0.0), ape (>= 3.1), methods (>= 3.0.0)	"XML (>= 3.95), plyr (>= 1.8), taxize (>= 0.2.2), reshape2 (>=
1.2.2), httr (>= 0.3), uuid (>= 0.1-1), dplyr (>= 0.4.0),
lazyeval (>= 0.1.0), tidyr (>= 0.3.1), stringr (>= 1.0)"	NA	"rrdf (>= 2.0.2), geiger (>= 2.0), phytools (>= 0.3.93), knitr
(>= 1.5), rfigshare (>= 0.3.0), knitcitations (>= 1.0.1),
testthat (>= 0.10.0), phylobase (>= 0.6.8), rmarkdown (>=
0.3.3), Sxslt (>= 0.91)"	NA	BSD_3_clause + file LICENSE	NA	NA	NA	NA	no	3.3.0
rngtools	/Library/Frameworks/R.framework/Versions/3.3/Resources/library	1.2.4	NA	R (>= 3.0.0), methods, pkgmaker (>= 0.20)	stringr, digest	NA	parallel, RUnit, knitr	NA	GPL-3	NA	NA	NA	NA	no	3.2.0
ROCR	/Library/Frameworks/R.framework/Versions/3.3/Resources/library	1.0-7	NA	gplots, methods	NA	NA	NA	NA	GPL (>= 2)	NA	NA	NA	NA	no	3.2.0
Rook	/Library/Frameworks/R.framework/Versions/3.3/Resources/library	1.1-1	NA	R (>= 2.13.0)	utils, tools, methods, brew	NA	NA	NA	GPL-2	NA	NA	NA	NA	yes	3.3.0
rootSolve	/Library/Frameworks/R.framework/Versions/3.3/Resources/library	1.7	NA	R (>= 2.01)	stats, graphics, grDevices	NA	NA	NA	GPL (>= 2)	NA	NA	NA	NA	yes	3.3.2
rotl	/Library/Frameworks/R.framework/Versions/3.3/Resources/library	3.0.1	NA	R (>= 3.1.1)	"httr, jsonlite, assertthat (>= 0.1), rncl (>= 0.6.0), ape,
rentrez"	NA	"knitr (>= 1.12), rmarkdown (>= 0.7), testthat, RNeXML,
phylobase, MCMCglmm, fulltext (>= 0.1.6), readxl"	NA	BSD_2_clause + file LICENSE	NA	NA	NA	NA	no	3.3.0
roxygen2	/Library/Frameworks/R.framework/Versions/3.3/Resources/library	5.0.1	NA	R (>= 3.0.2)	"stringr (>= 0.5), stringi, brew, digest, methods, Rcpp (>=
0.11.0)"	Rcpp	testthat (>= 0.8.0), knitr, devtools, rmarkdown	NA	GPL (>= 2)	NA	NA	NA	NA	yes	3.2.2
rpart	/Library/Frameworks/R.framework/Versions/3.3/Resources/library	4.1-10	recommended	R (>= 2.15.0), graphics, stats, grDevices	NA	NA	survival	NA	GPL-2 | GPL-3	NA	NA	NA	NA	yes	3.3.2
rprojroot	/Library/Frameworks/R.framework/Versions/3.3/Resources/library	1.2	NA	R (>= 3.0.0)	backports	NA	testthat, knitr, withr, rmarkdown	NA	GPL-3	NA	NA	NA	NA	no	3.3.2
rredlist	/Library/Frameworks/R.framework/Versions/3.3/Resources/library	0.3.0	NA	NA	crul (>= 0.2.0), jsonlite (>= 1.1)	NA	roxygen2 (>= 5.0.1), testthat, covr	NA	MIT + file LICENSE	NA	NA	NA	NA	no	3.3.2
rsm	/Library/Frameworks/R.framework/Versions/3.3/Resources/library	2.8	NA	NA	estimability, lsmeans	NA	Vdgraph, conf.design, DoE.base, FrF2	NA	GPL-2	NA	NA	NA	NA	no	3.3.0
Rsolnp	/Library/Frameworks/R.framework/Versions/3.3/Resources/library	1.16	NA	R (>= 2.10.0)	truncnorm, parallel, stats	NA	NA	NA	GPL	NA	NA	NA	NA	no	3.2.3
RSQLite	/Library/Frameworks/R.framework/Versions/3.3/Resources/library	1.1-2	NA	R (>= 3.1.0)	DBI (>= 0.4-9), memoise, methods, Rcpp (>= 0.12.7)	Rcpp, BH, plogr	DBItest, knitr, rmarkdown, testthat	NA	LGPL (>= 2)	NA	NA	NA	NA	yes	3.3.2
rstudioapi	/Library/Frameworks/R.framework/Versions/3.3/Resources/library	0.6	NA	NA	NA	NA	testthat	NA	MIT + file LICENSE	NA	NA	NA	NA	no	3.3.0
rversions	/Library/Frameworks/R.framework/Versions/3.3/Resources/library	1.0.3	NA	NA	curl, xml2 (>= 1.0.0), utils	NA	NA	NA	MIT + file LICENSE	NA	NA	NA	NA	no	3.3.0
rvest	/Library/Frameworks/R.framework/Versions/3.3/Resources/library	0.3.2	NA	R (>= 3.0.1), xml2	httr (>= 0.5), selectr, magrittr	NA	testthat, knitr, png, stringi (>= 0.3.1), rmarkdown, covr	NA	GPL-3	NA	NA	NA	NA	no	3.3.0
sandwich	/Library/Frameworks/R.framework/Versions/3.3/Resources/library	2.3-4	NA	R (>= 2.0.0)	stats, zoo	NA	car, lmtest, strucchange, AER, survival, MASS, scatterplot3d	NA	GPL-2 | GPL-3	NA	NA	NA	NA	no	3.2.0
scales	/Library/Frameworks/R.framework/Versions/3.3/Resources/library	0.4.1	NA	R (>= 2.13)	"RColorBrewer, dichromat, plyr, munsell (>= 0.2), labeling,
methods, Rcpp"	Rcpp	testthat (>= 0.8), covr, hms	NA	MIT + file LICENSE	NA	NA	NA	NA	yes	3.3.2
scatterplot3d	/Library/Frameworks/R.framework/Versions/3.3/Resources/library	0.3-38	NA	R (>= 2.7.0)	grDevices, graphics, stats	NA	NA	NA	GPL-2	NA	NA	NA	NA	no	3.3.2
seasonal	/Library/Frameworks/R.framework/Versions/3.3/Resources/library	1.4.0	NA	R (>= 2.15)	x13binary	NA	shiny (>= 0.11.1), seasonalview (>= 0.1.3)	NA	GPL-3	NA	NA	NA	NA	no	3.3.2
segmented	/Library/Frameworks/R.framework/Versions/3.3/Resources/library	0.5-1.4	NA	NA	NA	NA	NA	NA	GPL	NA	NA	NA	NA	no	3.3.0
selectr	/Library/Frameworks/R.framework/Versions/3.3/Resources/library	0.3-1	NA	R (>= 2.15.2)	methods, stringr	NA	testthat, XML, xml2	NA	BSD_3_clause + file LICENCE	NA	NA	NA	NA	no	3.3.2
sem	/Library/Frameworks/R.framework/Versions/3.3/Resources/library	3.1-8	NA	R (>= 2.14.0), stats	matrixcalc, MASS, boot, mi (>= 0.9-99), utils	NA	polycor, MBESS, DiagrammeR	NA	GPL (>= 2)	NA	NA	NA	NA	yes	3.3.0
SemiPar	/Library/Frameworks/R.framework/Versions/3.3/Resources/library	1.0-4.1	NA	NA	MASS, cluster, nlme	NA	lattice	NA	GPL (>= 2)	NA	NA	NA	NA	no	3.2.0
seqinr	/Library/Frameworks/R.framework/Versions/3.3/Resources/library	3.3-3	NA	R (>= 2.10.0)	ade4,segmented	NA	NA	NA	GPL (>= 2)	NA	NA	NA	NA	yes	3.3.0
sfsmisc	/Library/Frameworks/R.framework/Versions/3.3/Resources/library	1.1-0	NA	R (>= 3.0.1)	grDevices, methods, utils, stats	NA	datasets, tcltk, cluster, lattice, MASS, Matrix, nlme, lokern	mgcv, rpart, nor1mix, polycor, sm, tikzDevice	GPL (>= 2)	NA	NA	NA	NA	no	3.3.0
shape	/Library/Frameworks/R.framework/Versions/3.3/Resources/library	1.4.2	NA	R (>= 2.01), stats	NA	NA	NA	NA	GPL (>= 3)	NA	NA	NA	NA	no	3.3.0
shapefiles	/Library/Frameworks/R.framework/Versions/3.3/Resources/library	0.7	NA	R (>= 1.6.0), foreign	NA	NA	NA	NA	GPL	NA	NA	NA	NA	NA	3.2.0
shiny	/Library/Frameworks/R.framework/Versions/3.3/Resources/library	1.0.0	NA	R (>= 3.0.0), methods	"utils, httpuv (>= 1.3.3), mime (>= 0.3), jsonlite (>= 0.9.16),
xtable, digest, htmltools (>= 0.3.5), R6 (>= 2.0), sourcetools"	NA	"datasets, Cairo (>= 1.5-5), testthat, knitr (>= 1.6),
markdown, rmarkdown, ggplot2, magrittr"	NA	GPL-3 | file LICENSE	NA	NA	NA	NA	no	3.3.2
shinyAce	/Library/Frameworks/R.framework/Versions/3.3/Resources/library	0.2.1	NA	R (>= 2.15.0)	shiny (>= 0.7.0)	NA	testthat, dplyr (>= 0.3.0)	NA	MIT + file LICENSE	NA	NA	NA	NA	no	3.3.0
shinyBS	/Library/Frameworks/R.framework/Versions/3.3/Resources/library	0.61	NA	NA	shiny (>= 0.11), htmltools	NA	NA	NA	GPL-3	NA	NA	NA	NA	no	3.3.0
shinyjs	/Library/Frameworks/R.framework/Versions/3.3/Resources/library	0.9	NA	R (>= 3.1.0)	"digest (>= 0.6.8), htmltools (>= 0.2.6), jsonlite, miniUI (>=
0.1.1), shiny (>= 0.11.1), stats"	NA	"knitr (>= 1.7), rmarkdown, rstudioapi (>= 0.5), shinyAce,
testthat (>= 0.9.1), V8 (>= 0.6)"	NA	MIT + file LICENSE	NA	NA	NA	NA	no	3.3.2
signal	/Library/Frameworks/R.framework/Versions/3.3/Resources/library	0.7-6	NA	R (>= 2.14.0)	MASS, graphics, grDevices, stats, utils	NA	pracma	NA	GPL-2	NA	NA	NA	NA	yes	3.2.0
slam	/Library/Frameworks/R.framework/Versions/3.3/Resources/library	0.1-40	NA	R (>= 3.3.1)	stats	NA	NA	Matrix, SparseM, spam	GPL-2	NA	NA	NA	NA	yes	3.3.2
SMPracticals	/Library/Frameworks/R.framework/Versions/3.3/Resources/library	1.4-2	NA	R (>= 1.14.0), ellipse	MASS, nlme, survival	NA	NA	NA	GPL (>= 2)	NA	NA	NA	NA	NA	3.2.0
solrium	/Library/Frameworks/R.framework/Versions/3.3/Resources/library	0.4.0	NA	NA	"utils, dplyr (>= 0.5.0), plyr (>= 1.8.4), httr (>= 1.2.0),
xml2 (>= 1.0.0), jsonlite (>= 1.0), tibble (>= 1.2)"	NA	roxygen2 (>= 5.0.1), testthat, knitr, covr	NA	MIT + file LICENSE	NA	NA	NA	NA	no	3.3.0
sourcetools	/Library/Frameworks/R.framework/Versions/3.3/Resources/library	0.1.5	NA	R (>= 3.0.2)	NA	NA	testthat	NA	MIT + file LICENSE	NA	NA	NA	NA	yes	3.3.0
sp	/Library/Frameworks/R.framework/Versions/3.3/Resources/library	1.2-4	NA	R (>= 3.0.0), methods	utils, stats, graphics, grDevices, lattice, grid	NA	"RColorBrewer, rgdal (>= 0.8-7), rgeos (>= 0.3-13), gstat,
maptools, deldir"	NA	GPL (>= 2)	NA	NA	NA	NA	yes	3.3.2
spacetime	/Library/Frameworks/R.framework/Versions/3.3/Resources/library	1.2-0	NA	R (>= 3.0.0)	"graphics, utils, stats, methods, lattice, sp (>= 1.1-0), zoo
(>= 1.7-9), xts (>= 0.8-8), intervals"	NA	"adehabitatLT, cshapes, diveMove, foreign, gstat (>= 1.0-16),
maps, mapdata, maptools, plm, raster, RColorBrewer, rgdal,
rgeos, RPostgreSQL, knitr, googleVis, ISOcodes"	NA	GPL (>= 2)	NA	NA	NA	NA	no	3.3.0
spam	/Library/Frameworks/R.framework/Versions/3.3/Resources/library	1.4-0	NA	R (>= 3.0), grid	methods	NA	fields, Matrix, R.rsp, truncdist	NA	LGPL-2	NA	NA	NA	NA	yes	3.3.0
SparseM	/Library/Frameworks/R.framework/Versions/3.3/Resources/library	1.74	NA	R (>= 2.15), methods	graphics, stats, utils	NA	NA	NA	GPL (>= 2)	NA	NA	NA	NA	yes	3.3.2
spatial	/Library/Frameworks/R.framework/Versions/3.3/Resources/library	7.3-11	recommended	R (>= 3.0.0), graphics, stats, utils	NA	NA	MASS	NA	GPL-2 | GPL-3	NA	NA	NA	NA	yes	3.3.2
spatstat	/Library/Frameworks/R.framework/Versions/3.3/Resources/library	1.48-0	NA	"R (>= 3.3.0), stats, graphics, grDevices, utils, methods,
nlme, rpart"	"mgcv, Matrix, deldir (>= 0.0-21), abind, tensor, polyclip (>=
1.5-0), goftest"	NA	"sm, maptools, gsl, locfit, spatial, rpanel, tkrplot,
RandomFields (>= 3.1.24.1), RandomFieldsUtils(>= 0.3.3.1)"	NA	GPL (>= 2)	NA	NA	NA	NA	yes	3.3.2
spdep	/Library/Frameworks/R.framework/Versions/3.3/Resources/library	0.6-9	NA	R (>= 3.0.0), methods, sp (>= 1.0), Matrix (>= 1.0.12)	"LearnBayes, deldir, boot (>= 1.3-1), splines, coda, nlme,
MASS, stats, gmodels, graphics, grDevices, utils"	NA	"parallel, spam(>= 0.13-1), RANN, rgeos, RColorBrewer,
lattice, xtable, maptools (>= 0.5-4), foreign, igraph, knitr"	NA	GPL (>= 2)	NA	NA	NA	NA	yes	3.3.2
spider	/Library/Frameworks/R.framework/Versions/3.3/Resources/library	1.3-0	NA	ape, pegas	NA	NA	NA	NA	GPL	NA	NA	NA	NA	no	3.2.0
splancs	/Library/Frameworks/R.framework/Versions/3.3/Resources/library	2.01-39	NA	R (>= 2.10.0), sp (>= 0.9)	stats, graphics, grDevices, methods	NA	NA	NA	GPL (>= 2)	NA	NA	NA	NA	yes	3.3.0
splines	/Library/Frameworks/R.framework/Versions/3.3/Resources/library	3.3.2	base	NA	graphics, stats	NA	Matrix, methods	NA	Part of R 3.3.2	NA	NA	NA	NA	yes	3.3.2
sqldf	/Library/Frameworks/R.framework/Versions/3.3/Resources/library	0.4-10	NA	R (>= 3.1.0), gsubfn (>= 0.6), proto, RSQLite (>= 1.0.0)	DBI (>= 0.2-5), chron	NA	RH2, RMySQL, RPostgreSQL, svUnit, tcltk, MASS	NA	GPL-2	NA	NA	NA	NA	no	3.2.0
stats	/Library/Frameworks/R.framework/Versions/3.3/Resources/library	3.3.2	base	NA	utils, grDevices, graphics	NA	MASS, Matrix, SuppDists, methods, stats4	NA	Part of R 3.3.2	NA	NA	NA	NA	yes	3.3.2
stats4	/Library/Frameworks/R.framework/Versions/3.3/Resources/library	3.3.2	base	NA	graphics, methods, stats	NA	NA	NA	Part of R 3.3.2	NA	NA	NA	NA	NA	3.3.2
stringi	/Library/Frameworks/R.framework/Versions/3.3/Resources/library	1.1.2	NA	R (>= 2.13.1)	tools, utils, stats	NA	NA	NA	file LICENSE	yes	NA	NA	NA	yes	3.3.0
stringr	/Library/Frameworks/R.framework/Versions/3.3/Resources/library	1.1.0	NA	R (>= 2.14)	stringi (>= 0.4.1), magrittr	NA	testthat, knitr, htmltools, htmlwidgets, rmarkdown, covr	NA	GPL-2	NA	NA	NA	NA	no	3.3.0
survival	/Library/Frameworks/R.framework/Versions/3.3/Resources/library	2.40-1	recommended	R (>= 2.13.0)	graphics, Matrix, methods, splines, stats, utils	NA	NA	NA	LGPL (>= 2)	NA	NA	NA	NA	yes	3.3.0
tabulizer	/Library/Frameworks/R.framework/Versions/3.3/Resources/library	0.1.22	NA	NA	utils, tools, tabulizerjars, rJava, png	NA	graphics, grDevices, shiny, miniUI, testthat, knitr	NA	MIT + file LICENSE	NA	NA	NA	NA	no	3.3.2
tabulizerjars	/Library/Frameworks/R.framework/Versions/3.3/Resources/library	0.1.2	NA	NA	rJava	NA	NA	NA	MIT + file LICENSE	NA	NA	NA	NA	no	3.3.2
taxize	/Library/Frameworks/R.framework/Versions/3.3/Resources/library	0.8.4	NA	R(>= 3.2.1)	"graphics, methods, stats, utils, httr (>= 1.2.1), xml2 (>=
1.0.0), jsonlite, reshape2, stringr, plyr, foreach, ape, bold
(>= 0.3.5), data.table, rredlist (>= 0.1.0), rotl (>= 3.0.0),
ritis (>= 0.5.0), tibble (>= 1.2), worrms (>= 0.1.0), natserv
(>= 0.1.4)"	NA	testthat, knitr, vegan, covr	NA	MIT + file LICENSE	NA	NA	NA	NA	no	3.3.0
tcltk	/Library/Frameworks/R.framework/Versions/3.3/Resources/library	3.3.2	base	NA	utils	NA	NA	NA	Part of R 3.3.2	NA	NA	NA	NA	yes	3.3.2
tcltk2	/Library/Frameworks/R.framework/Versions/3.3/Resources/library	1.2-11	NA	R (>= 2.8.0), tcltk	NA	NA	utils	NA	LGPL-3 + file LICENSE	NA	NA	NA	NA	no	3.2.0
tensor	/Library/Frameworks/R.framework/Versions/3.3/Resources/library	1.5	NA	NA	NA	NA	NA	NA	GPL (>= 2)	NA	NA	NA	NA	NA	3.2.0
testthat	/Library/Frameworks/R.framework/Versions/3.3/Resources/library	1.0.2	NA	R (>= 3.1.0)	digest, crayon, praise, magrittr, R6, methods	NA	devtools, withr, covr	NA	MIT + file LICENSE	NA	NA	NA	NA	yes	3.2.5
TH.data	/Library/Frameworks/R.framework/Versions/3.3/Resources/library	1.0-8	NA	R (>= 2.10.0), survival, MASS	NA	NA	dplyr, gdata, plyr	NA	GPL-3	NA	NA	NA	NA	no	3.3.2
tibble	/Library/Frameworks/R.framework/Versions/3.3/Resources/library	1.2	NA	R (>= 3.1.2)	methods, assertthat, utils, lazyeval (>= 0.1.10), Rcpp	Rcpp	"testthat, withr, knitr (>= 1.5.32), rmarkdown, nycflights13,
microbenchmark"	NA	MIT + file LICENSE	NA	NA	NA	NA	yes	3.3.0
tidyr	/Library/Frameworks/R.framework/Versions/3.3/Resources/library	0.6.1	NA	R (>= 3.1.0)	tibble, dplyr (>= 0.4), stringi, lazyeval, magrittr, Rcpp	Rcpp	knitr, testthat, covr, gapminder, rmarkdown	NA	MIT + file LICENSE	NA	NA	NA	NA	yes	3.3.2
timeDate	/Library/Frameworks/R.framework/Versions/3.3/Resources/library	3012.100	NA	R (>= 2.15.1), graphics, utils, stats, methods	NA	NA	date, RUnit	NA	GPL (>= 2)	NA	NA	NA	NA	no	3.2.0
timeSeries	/Library/Frameworks/R.framework/Versions/3.3/Resources/library	3022.101.2	NA	"R (>= 2.10), graphics, grDevices, stats, methods, utils,
timeDate (>= 2150.95)"	NA	NA	RUnit, robustbase, xts, PerformanceAnalytics, fTrading	NA	GPL (>= 2)	NA	NA	NA	NA	no	3.3.0
tkrplot	/Library/Frameworks/R.framework/Versions/3.3/Resources/library	0.0-23	NA	R (>= 2.13), grDevices, tcltk	NA	NA	NA	NA	GPL	NA	NA	NA	NA	NA	3.2.0
tm	/Library/Frameworks/R.framework/Versions/3.3/Resources/library	0.6-2	NA	R (>= 3.1.0), NLP (>= 0.1-6.2)	parallel, slam (>= 0.1-31), stats, tools, utils, graphics	NA	"filehash, methods, Rcampdf, Rgraphviz, Rpoppler, SnowballC,
tm.lexicon.GeneralInquirer, XML"	NA	GPL-3	NA	NA	NA	NA	yes	3.2.0
tools	/Library/Frameworks/R.framework/Versions/3.3/Resources/library	3.3.2	base	NA	NA	NA	codetools, methods, xml2	NA	Part of R 3.3.2	NA	NA	NA	NA	yes	3.3.2
triebeard	/Library/Frameworks/R.framework/Versions/3.3/Resources/library	0.3.0	NA	NA	Rcpp	Rcpp	knitr, rmarkdown, testthat	NA	MIT + file LICENSE	NA	NA	NA	NA	yes	3.3.0
truncnorm	/Library/Frameworks/R.framework/Versions/3.3/Resources/library	1.0-7	NA	R (>= 2.15.0)	NA	NA	NA	NA	GPL-2	NA	NA	NA	NA	yes	3.2.0
tseries	/Library/Frameworks/R.framework/Versions/3.3/Resources/library	0.10-37	NA	R (>= 2.10.0)	graphics, stats, utils, quadprog, zoo	NA	NA	NA	GPL-2	NA	NA	NA	NA	yes	3.3.2
TTR	/Library/Frameworks/R.framework/Versions/3.3/Resources/library	0.23-1	NA	NA	xts (>= 0.9-3), zoo	xts	RUnit	quantmod	GPL-2	NA	NA	NA	NA	yes	3.2.4
twitteR	/Library/Frameworks/R.framework/Versions/3.3/Resources/library	1.1.9	NA	R (>= 2.12.0)	methods, bit64, rjson, DBI (>= 0.3.1), httr (>= 1.0.0)	NA	RSQLite, RMySQL	NA	Artistic-2.0	NA	NA	NA	NA	no	3.2.0
urltools	/Library/Frameworks/R.framework/Versions/3.3/Resources/library	1.6.0	NA	R (>= 2.10)	Rcpp, methods, triebeard	Rcpp	testthat, knitr	NA	MIT + file LICENSE	NA	NA	NA	NA	yes	3.3.0
utils	/Library/Frameworks/R.framework/Versions/3.3/Resources/library	3.3.2	base	NA	NA	NA	methods, XML	NA	Part of R 3.3.2	NA	NA	NA	NA	yes	3.3.2
uuid	/Library/Frameworks/R.framework/Versions/3.3/Resources/library	0.1-2	NA	R (>= 2.9.0)	NA	NA	NA	NA	MIT + file LICENSE	NA	NA	NA	NA	yes	3.2.0
vcd	/Library/Frameworks/R.framework/Versions/3.3/Resources/library	1.4-3	NA	R (>= 2.4.0), grid	stats, utils, MASS, grDevices, colorspace, lmtest	NA	KernSmooth, mvtnorm, kernlab, HSAUR, coin	NA	GPL-2	NA	NA	NA	NA	no	3.3.0
vegan	/Library/Frameworks/R.framework/Versions/3.3/Resources/library	2.4-2	NA	permute (>= 0.9-0), lattice, R (>= 3.0.0)	MASS, cluster, mgcv	NA	parallel, tcltk, knitr	NA	GPL-2	NA	NA	NA	NA	yes	3.3.2
VGAM	/Library/Frameworks/R.framework/Versions/3.3/Resources/library	1.0-3	NA	R (>= 3.1.0), methods, stats, stats4, splines	NA	NA	VGAMdata, MASS, mgcv	NA	GPL-2 | GPL-3	NA	NA	NA	NA	yes	3.3.2
viridis	/Library/Frameworks/R.framework/Versions/3.3/Resources/library	0.3.4	NA	R (>= 2.10)	stats, grDevices, ggplot2 (>= 1.0.1), gridExtra	NA	"hexbin (>= 1.27.0), scales, MASS, knitr, dichromat,
colorspace, rasterVis, httr, mapproj"	NA	MIT + file LICENSE	NA	NA	NA	NA	no	3.2.4
viridisLite	/Library/Frameworks/R.framework/Versions/3.3/Resources/library	0.1.3	NA	R (>= 2.10)	stats, grDevices	NA	hexbin (>= 1.27.0), ggplot2 (>= 1.0.1)	NA	MIT + file LICENSE	NA	NA	NA	NA	no	3.3.0
visNetwork	/Library/Frameworks/R.framework/Versions/3.3/Resources/library	1.0.3	NA	R (>= 3.0)	htmlwidgets, htmltools, jsonlite, magrittr, utils, methods	NA	knitr, igraph	NA	MIT + file LICENSE	NA	NA	NA	NA	no	3.3.2
waveslim	/Library/Frameworks/R.framework/Versions/3.3/Resources/library	1.7.5	NA	R (>= 2.11.0), graphics, grDevices, stats, utils	NA	NA	fftw	NA	BSD_3_clause + file LICENSE	NA	NA	NA	NA	yes	3.2.0
whisker	/Library/Frameworks/R.framework/Versions/3.3/Resources/library	0.3-2	NA	NA	NA	NA	markdown	NA	GPL-3	NA	NA	NA	NA	no	3.2.0
withr	/Library/Frameworks/R.framework/Versions/3.3/Resources/library	1.0.2	NA	R (>= 3.0.2)	stats, graphics	NA	testthat	NA	GPL (>= 2)	NA	NA	NA	NA	no	3.3.0
wordcloud	/Library/Frameworks/R.framework/Versions/3.3/Resources/library	2.5	NA	methods, RColorBrewer	slam, Rcpp (>= 0.9.4)	Rcpp	tm (>= 0.6)	NA	LGPL-2.1	NA	NA	NA	NA	yes	3.2.0
worrms	/Library/Frameworks/R.framework/Versions/3.3/Resources/library	0.1.0	NA	NA	crul (>= 0.2.0), tibble (>= 1.2), jsonlite (>= 1.1)	NA	roxygen2 (>= 5.0.1), knitr, rmarkdown, testthat, covr	NA	MIT + file LICENSE	NA	NA	NA	NA	no	3.3.2
x13binary	/Library/Frameworks/R.framework/Versions/3.3/Resources/library	0.1.2	NA	NA	NA	NA	NA	NA	file LICENSE	NA	no	NA	NA	no	3.3.0
xda	/Library/Frameworks/R.framework/Versions/3.3/Resources/library	0.1	NA	R (>= 3.1.3)	NA	NA	NA	NA	GPL-3	NA	NA	NA	NA	NA	3.3.0
XLConnect	/Library/Frameworks/R.framework/Versions/3.3/Resources/library	0.2-12	NA	R (>= 2.10.0), XLConnectJars (== 0.2-12)	methods, rJava	NA	RUnit, lattice, ggplot2 (>= 0.9.3), zoo	NA	GPL-3	NA	NA	NA	NA	no	3.3.0
XLConnectJars	/Library/Frameworks/R.framework/Versions/3.3/Resources/library	0.2-12	NA	NA	rJava	NA	NA	NA	GPL-3	NA	NA	NA	NA	no	3.3.0
XML	/Library/Frameworks/R.framework/Versions/3.3/Resources/library	3.98-1.5	NA	R (>= 2.13.0), methods, utils	NA	NA	bitops, RCurl	NA	BSD_2_clause + file LICENSE	NA	NA	NA	NA	yes	3.3.2
xml2	/Library/Frameworks/R.framework/Versions/3.3/Resources/library	1.1.1	NA	R (>= 3.1.0)	Rcpp	Rcpp (>= 0.11.4.6), BH	testthat, curl, covr, knitr, rmarkdown, magrittr, httr	NA	GPL (>= 2)	NA	NA	NA	NA	yes	3.3.0
xtable	/Library/Frameworks/R.framework/Versions/3.3/Resources/library	1.8-2	NA	R (>= 2.10.0)	stats, utils	NA	knitr, lsmeans, spdep, splm, sphet, plm, zoo, survival	NA	GPL (>= 2)	NA	NA	NA	NA	no	3.2.3
xts	/Library/Frameworks/R.framework/Versions/3.3/Resources/library	0.9-7	NA	zoo (>= 1.7-10)	NA	NA	timeSeries,timeDate,tseries,its,chron,fts,tis	NA	GPL (>= 2)	NA	NA	NA	NA	yes	3.2.0
yaml	/Library/Frameworks/R.framework/Versions/3.3/Resources/library	2.1.14	NA	NA	NA	NA	testthat	NA	BSD_3_clause + file LICENSE	NA	NA	NA	NA	yes	3.3.0
zoo	/Library/Frameworks/R.framework/Versions/3.3/Resources/library	1.7-14	NA	R (>= 2.10.0), stats	utils, graphics, grDevices, lattice (>= 0.20-27)	NA	"coda, chron, DAAG, fts, ggplot2, mondate, scales,
strucchange, timeDate, timeSeries, tis, tseries, xts"	NA	GPL-2 | GPL-3	NA	NA	NA	NA	yes	3.3.2
